Id,Predicted
0,B_movie
1,O
2,B_movie
3,O
4,O
5,O
6,O
7,O
8,O
9,I_movie
10,O
11,O
12,O
13,O
14,O
15,O
16,O
17,I_movie
18,O
19,O
20,O
21,B_movie
22,O
23,O
24,O
25,O
26,O
27,O
28,O
29,O
30,O
31,O
32,O
33,O
34,B_movie
35,O
36,O
37,O
38,O
39,O
40,B_movie
41,I_movie
42,O
43,O
44,O
45,O
46,O
47,I_movie
48,O
49,O
50,O
51,O
52,O
53,I_movie
54,O
55,O
56,B_movie
57,I_movie
58,I_movie
59,I_movie
60,O
61,O
62,O
63,B_movie
64,I_movie
65,O
66,O
67,B_movie
68,I_movie
69,O
70,O
71,O
72,O
73,O
74,O
75,O
76,O
77,O
78,O
79,O
80,O
81,O
82,O
83,O
84,O
85,O
86,O
87,O
88,O
89,O
90,O
91,I_movie
92,O
93,O
94,B_movie
95,I_movie
96,O
97,O
98,O
99,O
100,O
101,O
102,O
103,O
104,O
105,O
106,B_movie
107,I_movie
108,O
109,O
110,O
111,O
112,O
113,O
114,O
115,B_movie
116,I_movie
117,O
118,O
119,O
120,B_movie
121,O
122,O
123,O
124,O
125,O
126,O
127,B_movie
128,B_movie
129,O
130,O
131,O
132,B_movie
133,O
134,O
135,O
136,O
137,O
138,O
139,O
140,O
141,O
142,O
143,O
144,O
145,O
146,O
147,O
148,O
149,O
150,B_movie
151,B_movie
152,O
153,B_movie
154,I_movie
155,O
156,O
157,O
158,O
159,O
160,O
161,O
162,O
163,O
164,O
165,O
166,O
167,O
168,O
169,O
170,O
171,O
172,O
173,O
174,O
175,O
176,O
177,B_movie
178,O
179,O
180,O
181,O
182,O
183,O
184,O
185,B_movie
186,O
187,O
188,O
189,O
190,O
191,O
192,O
193,O
194,O
195,O
196,O
197,O
198,O
199,O
200,O
201,O
202,O
203,O
204,I_movie
205,I_movie
206,O
207,O
208,O
209,O
210,O
211,O
212,I_movie
213,O
214,O
215,B_movie
216,O
217,O
218,O
219,O
220,O
221,O
222,B_movie
223,O
224,O
225,O
226,B_movie
227,O
228,O
229,O
230,O
231,O
232,O
233,O
234,O
235,O
236,B_movie
237,O
238,O
239,B_movie
240,I_movie
241,I_movie
242,O
243,O
244,O
245,O
246,O
247,O
248,O
249,O
250,O
251,O
252,O
253,O
254,O
255,O
256,O
257,O
258,B_movie
259,O
260,O
261,O
262,O
263,O
264,B_movie
265,O
266,O
267,O
268,O
269,O
270,O
271,O
272,O
273,O
274,O
275,O
276,O
277,O
278,O
279,O
280,O
281,B_movie
282,O
283,O
284,O
285,O
286,O
287,O
288,O
289,O
290,O
291,O
292,O
293,O
294,O
295,O
296,B_movie
297,O
298,O
299,O
300,O
301,O
302,B_movie
303,I_movie
304,O
305,O
306,O
307,O
308,O
309,O
310,I_movie
311,O
312,O
313,O
314,O
315,O
316,B_movie
317,O
318,O
319,O
320,O
321,O
322,O
323,O
324,I_movie
325,I_movie
326,B_language
327,O
328,O
329,B_movie
330,I_movie
331,O
332,O
333,O
334,O
335,O
336,O
337,O
338,B_movie
339,O
340,O
341,O
342,O
343,O
344,I_cast
345,O
346,O
347,O
348,O
349,B_movie
350,I_movie
351,O
352,O
353,O
354,O
355,O
356,O
357,O
358,O
359,B_mpaa_rating
360,B_country
361,O
362,O
363,O
364,O
365,O
366,O
367,O
368,O
369,B_person
370,I_person
371,O
372,O
373,O
374,O
375,O
376,O
377,B_director
378,I_director
379,O
380,O
381,O
382,O
383,O
384,B_director
385,B_director
386,O
387,O
388,O
389,O
390,O
391,B_producer
392,O
393,O
394,O
395,O
396,O
397,O
398,O
399,O
400,O
401,O
402,O
403,O
404,B_movie
405,O
406,O
407,O
408,B_movie
409,I_movie
410,O
411,O
412,O
413,B_movie
414,I_movie
415,O
416,O
417,O
418,O
419,O
420,O
421,O
422,O
423,O
424,O
425,O
426,O
427,O
428,O
429,O
430,O
431,O
432,B_movie
433,O
434,O
435,I_movie
436,O
437,O
438,O
439,B_movie
440,I_movie
441,O
442,O
443,O
444,O
445,O
446,O
447,O
448,B_movie
449,O
450,O
451,O
452,I_person
453,O
454,O
455,O
456,O
457,O
458,B_movie
459,B_person
460,O
461,O
462,O
463,O
464,O
465,O
466,O
467,O
468,O
469,O
470,O
471,O
472,O
473,O
474,O
475,O
476,O
477,O
478,O
479,O
480,O
481,O
482,B_movie
483,O
484,O
485,O
486,O
487,O
488,O
489,B_language
490,O
491,O
492,O
493,O
494,O
495,O
496,O
497,O
498,O
499,O
500,O
501,B_movie
502,I_movie
503,O
504,O
505,O
506,O
507,O
508,B_movie
509,I_movie
510,O
511,O
512,O
513,B_movie
514,O
515,O
516,O
517,B_movie
518,O
519,O
520,O
521,B_movie
522,I_movie
523,O
524,O
525,O
526,B_movie
527,O
528,B_movie
529,O
530,O
531,O
532,B_person
533,I_person
534,O
535,O
536,O
537,O
538,B_movie
539,O
540,O
541,O
542,O
543,O
544,O
545,B_movie
546,I_movie
547,O
548,O
549,O
550,O
551,B_movie
552,I_movie
553,O
554,O
555,B_movie
556,I_movie
557,O
558,O
559,O
560,O
561,B_movie
562,I_movie
563,O
564,O
565,B_movie
566,I_movie
567,O
568,O
569,O
570,B_movie
571,O
572,O
573,O
574,B_movie
575,O
576,O
577,O
578,O
579,O
580,O
581,O
582,O
583,O
584,O
585,O
586,O
587,O
588,O
589,O
590,O
591,O
592,O
593,O
594,O
595,I_movie
596,O
597,O
598,O
599,B_movie
600,I_movie
601,O
602,O
603,O
604,O
605,I_movie
606,O
607,O
608,O
609,O
610,O
611,O
612,I_movie
613,I_movie
614,O
615,O
616,O
617,O
618,O
619,O
620,O
621,O
622,B_movie
623,O
624,O
625,O
626,O
627,I_movie
628,O
629,O
630,O
631,O
632,B_movie
633,O
634,O
635,O
636,O
637,O
638,O
639,O
640,O
641,O
642,O
643,O
644,O
645,O
646,O
647,O
648,B_movie
649,O
650,O
651,O
652,O
653,O
654,B_movie
655,I_movie
656,O
657,I_movie
658,O
659,O
660,O
661,O
662,O
663,O
664,B_movie
665,O
666,O
667,O
668,O
669,O
670,O
671,O
672,O
673,O
674,O
675,O
676,O
677,O
678,O
679,O
680,B_movie
681,O
682,O
683,O
684,O
685,B_movie
686,I_movie
687,I_movie
688,O
689,O
690,O
691,B_movie
692,O
693,O
694,I_movie
695,O
696,O
697,O
698,O
699,O
700,B_movie
701,I_movie
702,O
703,O
704,O
705,O
706,O
707,B_movie
708,I_movie
709,O
710,O
711,O
712,O
713,O
714,B_movie
715,O
716,I_movie
717,O
718,O
719,O
720,O
721,O
722,O
723,B_movie
724,O
725,O
726,O
727,O
728,O
729,O
730,O
731,O
732,B_movie
733,O
734,O
735,B_movie
736,B_movie
737,O
738,I_movie
739,O
740,O
741,O
742,O
743,O
744,I_movie
745,O
746,O
747,O
748,O
749,O
750,O
751,O
752,O
753,O
754,I_movie
755,O
756,O
757,O
758,O
759,O
760,B_movie
761,O
762,O
763,O
764,O
765,O
766,O
767,B_movie
768,I_movie
769,O
770,I_movie
771,O
772,O
773,O
774,O
775,O
776,O
777,O
778,B_movie
779,O
780,O
781,B_movie
782,O
783,O
784,B_movie
785,O
786,I_movie
787,O
788,O
789,O
790,O
791,O
792,O
793,B_movie
794,I_movie
795,O
796,O
797,O
798,B_movie
799,I_movie
800,O
801,O
802,B_movie
803,I_movie
804,B_movie
805,I_movie
806,O
807,O
808,O
809,O
810,O
811,B_movie
812,I_movie
813,O
814,O
815,B_movie
816,O
817,O
818,O
819,O
820,O
821,O
822,O
823,O
824,O
825,O
826,O
827,O
828,O
829,O
830,O
831,O
832,O
833,O
834,O
835,O
836,O
837,O
838,O
839,O
840,O
841,O
842,O
843,O
844,B_movie
845,B_movie
846,O
847,O
848,O
849,B_movie
850,O
851,O
852,B_movie
853,O
854,O
855,O
856,O
857,O
858,B_movie
859,I_movie
860,O
861,O
862,O
863,O
864,O
865,B_movie
866,O
867,O
868,O
869,O
870,O
871,O
872,B_movie
873,I_movie
874,O
875,O
876,O
877,O
878,B_movie
879,I_movie
880,O
881,O
882,O
883,O
884,O
885,B_movie
886,I_movie
887,O
888,O
889,O
890,O
891,B_movie
892,I_movie
893,O
894,O
895,O
896,O
897,I_movie
898,O
899,O
900,O
901,O
902,O
903,O
904,I_movie
905,O
906,O
907,O
908,O
909,O
910,I_movie
911,O
912,O
913,O
914,O
915,O
916,I_movie
917,O
918,O
919,O
920,O
921,O
922,O
923,O
924,O
925,O
926,B_movie
927,O
928,O
929,I_movie
930,O
931,O
932,O
933,O
934,O
935,O
936,B_movie
937,O
938,I_movie
939,O
940,O
941,O
942,O
943,O
944,B_movie
945,I_movie
946,O
947,O
948,B_movie
949,I_movie
950,O
951,O
952,O
953,O
954,O
955,B_movie
956,O
957,O
958,O
959,O
960,O
961,B_movie
962,O
963,O
964,B_movie
965,O
966,I_movie
967,O
968,O
969,O
970,O
971,O
972,O
973,O
974,O
975,O
976,O
977,O
978,O
979,O
980,O
981,B_movie
982,O
983,O
984,O
985,B_movie
986,I_movie
987,O
988,O
989,O
990,O
991,O
992,O
993,O
994,O
995,O
996,O
997,O
998,O
999,O
1000,O
1001,O
1002,O
1003,O
1004,B_movie
1005,O
1006,O
1007,O
1008,O
1009,O
1010,O
1011,O
1012,O
1013,O
1014,B_movie
1015,I_movie
1016,O
1017,O
1018,O
1019,B_movie
1020,I_movie
1021,O
1022,O
1023,O
1024,B_movie
1025,O
1026,O
1027,O
1028,O
1029,O
1030,O
1031,O
1032,B_movie
1033,O
1034,O
1035,O
1036,O
1037,O
1038,O
1039,O
1040,O
1041,O
1042,O
1043,O
1044,O
1045,O
1046,O
1047,O
1048,O
1049,B_movie
1050,I_movie
1051,O
1052,O
1053,O
1054,O
1055,O
1056,O
1057,O
1058,B_movie
1059,I_movie
1060,O
1061,O
1062,O
1063,O
1064,O
1065,O
1066,O
1067,O
1068,O
1069,O
1070,O
1071,O
1072,O
1073,O
1074,O
1075,O
1076,O
1077,O
1078,O
1079,O
1080,I_movie
1081,O
1082,O
1083,O
1084,B_movie
1085,I_movie
1086,O
1087,O
1088,O
1089,O
1090,O
1091,O
1092,O
1093,O
1094,B_movie
1095,O
1096,O
1097,O
1098,O
1099,O
1100,I_movie
1101,O
1102,O
1103,O
1104,O
1105,O
1106,O
1107,O
1108,B_movie
1109,O
1110,O
1111,O
1112,O
1113,O
1114,O
1115,O
1116,O
1117,O
1118,O
1119,O
1120,O
1121,O
1122,O
1123,O
1124,O
1125,O
1126,B_country
1127,B_director
1128,I_director
1129,O
1130,O
1131,O
1132,O
1133,O
1134,O
1135,O
1136,O
1137,O
1138,O
1139,O
1140,O
1141,O
1142,O
1143,O
1144,B_movie
1145,O
1146,I_movie
1147,O
1148,O
1149,O
1150,O
1151,B_movie
1152,O
1153,I_movie
1154,O
1155,O
1156,O
1157,O
1158,O
1159,O
1160,O
1161,O
1162,O
1163,O
1164,O
1165,B_language
1166,O
1167,B_person
1168,I_person
1169,O
1170,O
1171,O
1172,B_movie
1173,I_movie
1174,O
1175,O
1176,I_cast
1177,O
1178,O
1179,O
1180,B_movie
1181,I_movie
1182,O
1183,O
1184,O
1185,I_movie
1186,O
1187,O
1188,O
1189,O
1190,I_movie
1191,O
1192,O
1193,I_person
1194,O
1195,B_person
1196,I_person
1197,O
1198,O
1199,O
1200,O
1201,O
1202,I_person
1203,O
1204,O
1205,O
1206,B_country
1207,O
1208,O
1209,O
1210,O
1211,O
1212,B_movie
1213,I_movie
1214,O
1215,O
1216,O
1217,O
1218,O
1219,O
1220,O
1221,I_movie
1222,B_person
1223,I_person
1224,O
1225,O
1226,O
1227,O
1228,O
1229,O
1230,O
1231,O
1232,O
1233,O
1234,O
1235,O
1236,O
1237,O
1238,O
1239,B_director
1240,I_director
1241,O
1242,O
1243,B_language
1244,O
1245,O
1246,O
1247,O
1248,O
1249,B_movie
1250,I_movie
1251,O
1252,B_movie
1253,I_movie
1254,O
1255,O
1256,O
1257,O
1258,B_movie
1259,I_movie
1260,O
1261,O
1262,O
1263,O
1264,O
1265,O
1266,O
1267,O
1268,O
1269,O
1270,O
1271,O
1272,O
1273,O
1274,B_movie
1275,I_movie
1276,O
1277,O
1278,B_director
1279,I_person
1280,O
1281,O
1282,O
1283,O
1284,O
1285,O
1286,O
1287,O
1288,B_director
1289,O
1290,B_producer
1291,I_person
1292,O
1293,O
1294,O
1295,O
1296,O
1297,B_producer
1298,I_person
1299,O
1300,O
1301,O
1302,O
1303,O
1304,O
1305,B_director
1306,I_director
1307,O
1308,O
1309,O
1310,O
1311,B_producer
1312,B_cast
1313,O
1314,O
1315,O
1316,B_person
1317,I_person
1318,O
1319,O
1320,O
1321,O
1322,O
1323,O
1324,O
1325,O
1326,B_cast
1327,I_cast
1328,O
1329,O
1330,O
1331,O
1332,B_cast
1333,I_cast
1334,O
1335,B_director
1336,I_producer
1337,O
1338,O
1339,O
1340,O
1341,O
1342,O
1343,O
1344,O
1345,B_producer
1346,I_producer
1347,O
1348,O
1349,O
1350,O
1351,O
1352,O
1353,O
1354,O
1355,O
1356,O
1357,O
1358,O
1359,O
1360,O
1361,O
1362,O
1363,B_mpaa_rating
1364,O
1365,O
1366,O
1367,O
1368,O
1369,O
1370,O
1371,B_language
1372,O
1373,O
1374,O
1375,O
1376,O
1377,O
1378,O
1379,O
1380,I_movie
1381,O
1382,O
1383,O
1384,O
1385,O
1386,O
1387,O
1388,B_country
1389,O
1390,B_language
1391,O
1392,O
1393,B_language
1394,O
1395,B_genre
1396,O
1397,O
1398,B_genre
1399,O
1400,B_genre
1401,O
1402,O
1403,B_genre
1404,O
1405,O
1406,O
1407,B_genre
1408,O
1409,O
1410,O
1411,O
1412,O
1413,O
1414,O
1415,O
1416,B_genre
1417,O
1418,O
1419,B_cast
1420,I_cast
1421,O
1422,O
1423,O
1424,O
1425,B_cast
1426,I_cast
1427,B_movie
1428,O
1429,O
1430,O
1431,O
1432,B_cast
1433,I_cast
1434,O
1435,O
1436,O
1437,O
1438,O
1439,B_country
1440,O
1441,O
1442,O
1443,O
1444,B_country
1445,O
1446,O
1447,B_country
1448,O
1449,O
1450,O
1451,O
1452,O
1453,B_country
1454,O
1455,O
1456,O
1457,O
1458,O
1459,O
1460,B_language
1461,O
1462,O
1463,O
1464,O
1465,B_language
1466,O
1467,O
1468,O
1469,O
1470,O
1471,O
1472,O
1473,O
1474,O
1475,B_country
1476,O
1477,O
1478,O
1479,B_country
1480,B_country
1481,O
1482,O
1483,O
1484,O
1485,O
1486,O
1487,B_language
1488,O
1489,B_language
1490,O
1491,O
1492,B_language
1493,O
1494,O
1495,O
1496,O
1497,O
1498,O
1499,O
1500,O
1501,O
1502,O
1503,B_genre
1504,O
1505,O
1506,O
1507,O
1508,O
1509,O
1510,O
1511,O
1512,B_language
1513,O
1514,O
1515,O
1516,O
1517,O
1518,O
1519,B_director
1520,O
1521,O
1522,O
1523,B_country
1524,O
1525,B_country
1526,O
1527,O
1528,O
1529,O
1530,O
1531,O
1532,O
1533,O
1534,O
1535,B_director
1536,I_director
1537,O
1538,O
1539,O
1540,O
1541,B_language
1542,O
1543,O
1544,O
1545,O
1546,B_country
1547,O
1548,O
1549,O
1550,B_language
1551,B_genre
1552,O
1553,O
1554,O
1555,O
1556,O
1557,O
1558,B_mpaa_rating
1559,O
1560,B_genre
1561,O
1562,O
1563,B_language
1564,O
1565,B_genre
1566,O
1567,O
1568,B_movie
1569,I_movie
1570,O
1571,O
1572,B_cast
1573,O
1574,O
1575,O
1576,O
1577,O
1578,O
1579,O
1580,O
1581,B_movie
1582,O
1583,O
1584,O
1585,B_movie
1586,I_movie
1587,O
1588,O
1589,O
1590,O
1591,O
1592,O
1593,B_person
1594,I_person
1595,O
1596,O
1597,O
1598,O
1599,B_person
1600,I_person
1601,O
1602,O
1603,O
1604,O
1605,B_movie
1606,I_movie
1607,O
1608,O
1609,O
1610,O
1611,O
1612,B_cast
1613,I_cast
1614,O
1615,O
1616,O
1617,O
1618,O
1619,O
1620,O
1621,O
1622,O
1623,B_director
1624,I_producer
1625,O
1626,O
1627,B_movie
1628,I_movie
1629,O
1630,B_movie
1631,I_movie
1632,O
1633,O
1634,O
1635,O
1636,O
1637,B_movie
1638,I_movie
1639,O
1640,B_movie
1641,I_movie
1642,O
1643,O
1644,B_country
1645,O
1646,O
1647,O
1648,B_country
1649,O
1650,B_country
1651,O
1652,O
1653,O
1654,B_country
1655,O
1656,O
1657,O
1658,O
1659,O
1660,O
1661,O
1662,B_country
1663,O
1664,O
1665,O
1666,O
1667,O
1668,O
1669,B_country
1670,O
1671,B_country
1672,O
1673,O
1674,O
1675,B_country
1676,O
1677,O
1678,O
1679,O
1680,O
1681,O
1682,O
1683,B_country
1684,B_producer
1685,O
1686,O
1687,O
1688,O
1689,O
1690,B_producer
1691,O
1692,B_cast
1693,I_cast
1694,O
1695,O
1696,B_cast
1697,I_cast
1698,O
1699,O
1700,O
1701,O
1702,B_subject
1703,O
1704,O
1705,O
1706,B_subject
1707,B_person
1708,I_person
1709,O
1710,B_movie
1711,O
1712,O
1713,O
1714,O
1715,B_producer
1716,I_person
1717,O
1718,O
1719,O
1720,O
1721,O
1722,O
1723,B_producer
1724,O
1725,O
1726,O
1727,O
1728,B_producer
1729,O
1730,O
1731,O
1732,B_producer
1733,O
1734,O
1735,O
1736,O
1737,O
1738,B_country
1739,O
1740,O
1741,O
1742,O
1743,O
1744,B_cast
1745,I_producer
1746,O
1747,B_movie
1748,O
1749,B_genre
1750,O
1751,O
1752,O
1753,O
1754,O
1755,O
1756,B_director
1757,O
1758,O
1759,O
1760,O
1761,B_country
1762,O
1763,O
1764,O
1765,B_country
1766,O
1767,O
1768,O
1769,O
1770,O
1771,O
1772,O
1773,O
1774,O
1775,O
1776,O
1777,O
1778,B_country
1779,B_language
1780,O
1781,O
1782,O
1783,O
1784,B_language
1785,O
1786,O
1787,O
1788,B_language
1789,O
1790,O
1791,O
1792,O
1793,O
1794,B_mpaa_rating
1795,O
1796,O
1797,O
1798,O
1799,O
1800,O
1801,O
1802,B_mpaa_rating
1803,O
1804,O
1805,O
1806,B_mpaa_rating
1807,O
1808,O
1809,O
1810,O
1811,O
1812,O
1813,B_mpaa_rating
1814,O
1815,O
1816,O
1817,B_mpaa_rating
1818,O
1819,O
1820,B_mpaa_rating
1821,O
1822,O
1823,O
1824,O
1825,B_mpaa_rating
1826,O
1827,O
1828,O
1829,B_mpaa_rating
1830,O
1831,O
1832,O
1833,O
1834,O
1835,O
1836,O
1837,B_mpaa_rating
1838,O
1839,O
1840,O
1841,B_mpaa_rating
1842,O
1843,O
1844,I_movie
1845,O
1846,O
1847,B_mpaa_rating
1848,O
1849,O
1850,O
1851,O
1852,O
1853,O
1854,O
1855,B_mpaa_rating
1856,O
1857,O
1858,O
1859,O
1860,O
1861,O
1862,O
1863,B_mpaa_rating
1864,O
1865,O
1866,O
1867,B_mpaa_rating
1868,O
1869,O
1870,O
1871,O
1872,B_mpaa_rating
1873,O
1874,O
1875,B_director
1876,I_director
1877,O
1878,O
1879,O
1880,B_genre
1881,B_cast
1882,I_producer
1883,O
1884,O
1885,O
1886,O
1887,O
1888,O
1889,O
1890,O
1891,O
1892,O
1893,B_director
1894,O
1895,O
1896,O
1897,O
1898,B_producer
1899,O
1900,O
1901,B_language
1902,O
1903,O
1904,O
1905,O
1906,O
1907,B_country
1908,O
1909,O
1910,O
1911,O
1912,O
1913,B_country
1914,O
1915,O
1916,O
1917,B_director
1918,I_director
1919,O
1920,O
1921,O
1922,O
1923,O
1924,O
1925,O
1926,O
1927,O
1928,O
1929,O
1930,B_director
1931,I_director
1932,O
1933,O
1934,O
1935,O
1936,O
1937,O
1938,O
1939,O
1940,O
1941,B_director
1942,I_director
1943,O
1944,O
1945,O
1946,O
1947,O
1948,O
1949,B_director
1950,I_director
1951,O
1952,O
1953,O
1954,O
1955,O
1956,O
1957,O
1958,B_director
1959,O
1960,O
1961,O
1962,B_director
1963,I_director
1964,O
1965,O
1966,O
1967,O
1968,O
1969,B_director
1970,I_director
1971,O
1972,O
1973,O
1974,O
1975,O
1976,O
1977,O
1978,O
1979,O
1980,O
1981,O
1982,O
1983,O
1984,O
1985,O
1986,O
1987,O
1988,O
1989,O
1990,O
1991,O
1992,O
1993,O
1994,O
1995,B_country
1996,B_genre
1997,O
1998,O
1999,O
2000,O
2001,O
2002,O
2003,O
2004,B_director
2005,I_director
2006,O
2007,O
2008,B_director
2009,I_director
2010,O
2011,O
2012,B_director
2013,I_director
2014,O
2015,O
2016,O
2017,B_director
2018,I_director
2019,O
2020,O
2021,B_director
2022,I_director
2023,O
2024,B_director
2025,I_director
2026,O
2027,B_director
2028,I_director
2029,O
2030,O
2031,O
2032,O
2033,B_director
2034,I_director
2035,O
2036,O
2037,B_director
2038,I_director
2039,O
2040,O
2041,O
2042,O
2043,B_director
2044,I_director
2045,O
2046,O
2047,O
2048,O
2049,O
2050,O
2051,O
2052,O
2053,O
2054,I_movie
2055,O
2056,B_cast
2057,I_cast
2058,O
2059,I_movie
2060,I_movie
2061,O
2062,O
2063,O
2064,O
2065,O
2066,O
2067,B_cast
2068,I_cast
2069,O
2070,O
2071,O
2072,O
2073,O
2074,O
2075,O
2076,O
2077,O
2078,B_country
2079,O
2080,O
2081,O
2082,O
2083,O
2084,O
2085,O
2086,O
2087,O
2088,O
2089,O
2090,O
2091,O
2092,O
2093,O
2094,O
2095,B_language
2096,O
2097,O
2098,B_language
2099,O
2100,O
2101,O
2102,O
2103,O
2104,O
2105,O
2106,O
2107,O
2108,O
2109,O
2110,O
2111,O
2112,O
2113,O
2114,O
2115,B_producer
2116,O
2117,O
2118,B_person
2119,I_person
2120,O
2121,O
2122,O
2123,O
2124,O
2125,O
2126,O
2127,O
2128,O
2129,I_movie
2130,B_person
2131,I_person
2132,O
2133,O
2134,O
2135,O
2136,O
2137,B_person
2138,I_person
2139,O
2140,O
2141,O
2142,O
2143,O
2144,O
2145,O
2146,O
2147,O
2148,O
2149,O
2150,O
2151,B_director
2152,I_director
2153,O
2154,O
2155,O
2156,O
2157,O
2158,O
2159,O
2160,O
2161,O
2162,O
2163,O
2164,O
2165,O
2166,O
2167,O
2168,O
2169,O
2170,O
2171,O
2172,O
2173,B_producer
2174,I_director
2175,O
2176,O
2177,B_person
2178,I_person
2179,O
2180,O
2181,O
2182,O
2183,B_person
2184,I_person
2185,O
2186,O
2187,O
2188,O
2189,O
2190,O
2191,O
2192,O
2193,O
2194,O
2195,O
2196,O
2197,O
2198,O
2199,O
2200,O
2201,O
2202,O
2203,O
2204,O
2205,O
2206,O
2207,O
2208,O
2209,O
2210,B_director
2211,I_director
2212,O
2213,O
2214,O
2215,O
2216,O
2217,B_director
2218,I_director
2219,O
2220,O
2221,O
2222,O
2223,O
2224,O
2225,B_producer
2226,I_producer
2227,O
2228,O
2229,O
2230,O
2231,B_producer
2232,I_producer
2233,O
2234,O
2235,O
2236,O
2237,O
2238,O
2239,B_producer
2240,I_producer
2241,O
2242,O
2243,O
2244,O
2245,O
2246,O
2247,O
2248,O
2249,O
2250,B_movie
2251,I_movie
2252,O
2253,O
2254,O
2255,O
2256,B_movie
2257,I_movie
2258,O
2259,O
2260,B_movie
2261,I_movie
2262,B_movie
2263,I_movie
2264,O
2265,O
2266,B_movie
2267,I_movie
2268,O
2269,O
2270,O
2271,O
2272,B_movie
2273,I_movie
2274,O
2275,I_movie
2276,O
2277,O
2278,O
2279,O
2280,O
2281,I_movie
2282,O
2283,B_movie
2284,I_movie
2285,O
2286,B_person
2287,I_person
2288,O
2289,O
2290,O
2291,O
2292,O
2293,O
2294,O
2295,B_person
2296,I_person
2297,O
2298,O
2299,O
2300,O
2301,B_person
2302,O
2303,O
2304,O
2305,B_producer
2306,O
2307,O
2308,B_producer
2309,O
2310,O
2311,O
2312,O
2313,O
2314,O
2315,B_producer
2316,O
2317,O
2318,O
2319,O
2320,B_director
2321,I_director
2322,O
2323,B_director
2324,I_director
2325,O
2326,O
2327,O
2328,O
2329,B_director
2330,I_director
2331,O
2332,O
2333,O
2334,O
2335,O
2336,O
2337,O
2338,O
2339,B_country
2340,O
2341,O
2342,O
2343,O
2344,O
2345,B_producer
2346,I_producer
2347,O
2348,B_country
2349,O
2350,O
2351,O
2352,O
2353,O
2354,O
2355,O
2356,B_movie
2357,O
2358,O
2359,O
2360,O
2361,O
2362,O
2363,O
2364,B_cast
2365,I_cast
2366,O
2367,O
2368,B_person
2369,O
2370,O
2371,O
2372,O
2373,O
2374,O
2375,O
2376,B_genre
2377,O
2378,O
2379,B_cast
2380,O
2381,O
2382,O
2383,O
2384,O
2385,O
2386,O
2387,O
2388,O
2389,O
2390,O
2391,O
2392,O
2393,O
2394,B_director
2395,I_director
2396,O
2397,O
2398,O
2399,O
2400,B_director
2401,I_director
2402,O
2403,O
2404,O
2405,O
2406,B_director
2407,I_director
2408,O
2409,O
2410,O
2411,O
2412,B_director
2413,I_director
2414,O
2415,O
2416,O
2417,O
2418,O
2419,O
2420,O
2421,O
2422,O
2423,O
2424,O
2425,O
2426,B_person
2427,I_person
2428,O
2429,O
2430,O
2431,O
2432,O
2433,O
2434,B_person
2435,I_person
2436,O
2437,O
2438,O
2439,O
2440,O
2441,O
2442,O
2443,B_person
2444,I_person
2445,O
2446,O
2447,B_mpaa_rating
2448,O
2449,O
2450,O
2451,O
2452,B_mpaa_rating
2453,O
2454,O
2455,O
2456,O
2457,O
2458,O
2459,O
2460,B_mpaa_rating
2461,O
2462,O
2463,O
2464,O
2465,B_mpaa_rating
2466,O
2467,O
2468,O
2469,O
2470,O
2471,B_mpaa_rating
2472,O
2473,O
2474,O
2475,O
2476,O
2477,O
2478,O
2479,O
2480,O
2481,O
2482,O
2483,O
2484,O
2485,O
2486,O
2487,O
2488,O
2489,O
2490,O
2491,O
2492,O
2493,O
2494,O
2495,O
2496,B_mpaa_rating
2497,O
2498,O
2499,O
2500,O
2501,O
2502,B_mpaa_rating
2503,O
2504,O
2505,O
2506,O
2507,O
2508,B_mpaa_rating
2509,O
2510,O
2511,O
2512,O
2513,O
2514,O
2515,O
2516,O
2517,O
2518,O
2519,O
2520,O
2521,O
2522,O
2523,O
2524,B_country
2525,O
2526,O
2527,O
2528,O
2529,O
2530,O
2531,B_language
2532,O
2533,O
2534,O
2535,O
2536,O
2537,O
2538,O
2539,O
2540,O
2541,O
2542,O
2543,O
2544,B_subject
2545,O
2546,O
2547,O
2548,B_subject
2549,O
2550,O
2551,O
2552,O
2553,O
2554,O
2555,B_subject
2556,O
2557,O
2558,O
2559,O
2560,B_subject
2561,O
2562,O
2563,O
2564,O
2565,O
2566,O
2567,O
2568,B_director
2569,I_director
2570,O
2571,O
2572,O
2573,B_director
2574,I_director
2575,O
2576,O
2577,O
2578,O
2579,O
2580,O
2581,O
2582,O
2583,B_director
2584,O
2585,B_language
2586,O
2587,B_language
2588,O
2589,O
2590,B_genre
2591,O
2592,O
2593,O
2594,B_genre
2595,O
2596,O
2597,B_movie
2598,O
2599,O
2600,O
2601,B_producer
2602,I_producer
2603,O
2604,O
2605,O
2606,O
2607,O
2608,B_producer
2609,I_producer
2610,O
2611,O
2612,O
2613,O
2614,O
2615,O
2616,O
2617,B_producer
2618,I_producer
2619,O
2620,O
2621,O
2622,O
2623,O
2624,O
2625,B_producer
2626,I_producer
2627,O
2628,O
2629,O
2630,O
2631,O
2632,B_producer
2633,I_producer
2634,O
2635,O
2636,O
2637,O
2638,B_producer
2639,I_producer
2640,O
2641,O
2642,O
2643,O
2644,O
2645,B_producer
2646,I_producer
2647,O
2648,O
2649,O
2650,B_person
2651,I_person
2652,O
2653,O
2654,O
2655,O
2656,O
2657,O
2658,O
2659,O
2660,O
2661,O
2662,O
2663,O
2664,O
2665,O
2666,O
2667,O
2668,O
2669,B_country
2670,O
2671,O
2672,B_movie
2673,I_movie
2674,I_movie
2675,O
2676,O
2677,O
2678,O
2679,O
2680,B_movie
2681,I_movie
2682,O
2683,O
2684,O
2685,O
2686,O
2687,O
2688,B_movie
2689,I_movie
2690,O
2691,O
2692,B_movie
2693,I_movie
2694,I_movie
2695,I_movie
2696,O
2697,O
2698,B_movie
2699,I_movie
2700,I_movie
2701,O
2702,O
2703,O
2704,B_movie
2705,I_movie
2706,I_movie
2707,O
2708,O
2709,O
2710,O
2711,O
2712,O
2713,O
2714,B_movie
2715,O
2716,O
2717,O
2718,O
2719,I_movie
2720,O
2721,O
2722,O
2723,O
2724,O
2725,I_movie
2726,O
2727,O
2728,O
2729,O
2730,O
2731,I_movie
2732,O
2733,O
2734,O
2735,O
2736,O
2737,I_movie
2738,O
2739,O
2740,O
2741,O
2742,O
2743,O
2744,I_movie
2745,O
2746,O
2747,O
2748,O
2749,O
2750,O
2751,O
2752,I_movie
2753,O
2754,O
2755,I_movie
2756,O
2757,O
2758,O
2759,O
2760,O
2761,O
2762,O
2763,O
2764,O
2765,O
2766,B_person
2767,I_person
2768,O
2769,O
2770,O
2771,O
2772,O
2773,O
2774,O
2775,O
2776,B_cast
2777,O
2778,O
2779,O
2780,O
2781,O
2782,O
2783,O
2784,O
2785,O
2786,O
2787,O
2788,O
2789,O
2790,O
2791,O
2792,O
2793,O
2794,O
2795,O
2796,O
2797,O
2798,B_subject
2799,O
2800,O
2801,B_person
2802,I_person
2803,O
2804,O
2805,O
2806,O
2807,O
2808,O
2809,O
2810,O
2811,O
2812,O
2813,O
2814,O
2815,O
2816,B_producer
2817,O
2818,O
2819,O
2820,O
2821,O
2822,B_subject
2823,I_subject
2824,O
2825,O
2826,O
2827,O
2828,O
2829,B_genre
2830,O
2831,B_country
2832,O
2833,O
2834,O
2835,O
2836,B_movie
2837,I_movie
2838,O
2839,I_movie
2840,O
2841,O
2842,O
2843,O
2844,I_movie
2845,O
2846,I_movie
2847,O
2848,O
2849,O
2850,O
2851,O
2852,O
2853,O
2854,O
2855,B_movie
2856,O
2857,O
2858,O
2859,O
2860,O
2861,O
2862,O
2863,O
2864,O
2865,O
2866,O
2867,O
2868,O
2869,O
2870,B_movie
2871,I_movie
2872,O
2873,O
2874,B_language
2875,O
2876,O
2877,O
2878,O
2879,O
2880,O
2881,O
2882,B_language
2883,O
2884,O
2885,O
2886,O
2887,O
2888,O
2889,B_director
2890,I_director
2891,B_person
2892,I_person
2893,O
2894,O
2895,O
2896,O
2897,B_person
2898,I_person
2899,O
2900,O
2901,O
2902,O
2903,B_movie
2904,B_person
2905,I_person
2906,O
2907,O
2908,O
2909,B_person
2910,I_person
2911,O
2912,O
2913,O
2914,I_movie
2915,O
2916,O
2917,O
2918,O
2919,O
2920,O
2921,O
2922,O
2923,O
2924,B_producer
2925,I_director
2926,O
2927,O
2928,O
2929,O
2930,O
2931,I_movie
2932,O
2933,O
2934,O
2935,O
2936,O
2937,I_movie
2938,O
2939,O
2940,O
2941,O
2942,O
2943,O
2944,O
2945,I_movie
2946,O
2947,O
2948,O
2949,O
2950,O
2951,O
2952,O
2953,O
2954,O
2955,O
2956,B_mpaa_rating
2957,O
2958,B_mpaa_rating
2959,O
2960,O
2961,O
2962,O
2963,O
2964,O
2965,B_mpaa_rating
2966,O
2967,O
2968,O
2969,O
2970,O
2971,O
2972,O
2973,B_mpaa_rating
2974,O
2975,O
2976,O
2977,O
2978,O
2979,O
2980,O
2981,O
2982,B_mpaa_rating
2983,O
2984,O
2985,O
2986,O
2987,O
2988,B_mpaa_rating
2989,O
2990,O
2991,O
2992,O
2993,O
2994,O
2995,B_mpaa_rating
2996,O
2997,O
2998,O
2999,O
3000,B_mpaa_rating
3001,O
3002,O
3003,B_director
3004,B_director
3005,O
3006,O
3007,O
3008,B_director
3009,B_director
3010,O
3011,O
3012,O
3013,O
3014,O
3015,O
3016,O
3017,O
3018,O
3019,O
3020,O
3021,O
3022,O
3023,O
3024,O
3025,O
3026,O
3027,O
3028,O
3029,O
3030,O
3031,O
3032,O
3033,O
3034,O
3035,O
3036,O
3037,O
3038,B_producer
3039,I_producer
3040,O
3041,O
3042,O
3043,O
3044,O
3045,O
3046,I_director
3047,O
3048,O
3049,O
3050,O
3051,O
3052,O
3053,O
3054,O
3055,B_person
3056,I_person
3057,O
3058,O
3059,O
3060,O
3061,O
3062,O
3063,O
3064,O
3065,O
3066,O
3067,O
3068,B_person
3069,I_person
3070,O
3071,O
3072,O
3073,O
3074,O
3075,O
3076,O
3077,O
3078,O
3079,O
3080,I_movie
3081,O
3082,O
3083,I_movie
3084,O
3085,O
3086,O
3087,O
3088,O
3089,B_producer
3090,B_producer
3091,O
3092,O
3093,O
3094,O
3095,B_producer
3096,O
3097,O
3098,O
3099,B_producer
3100,I_producer
3101,O
3102,O
3103,O
3104,B_director
3105,I_director
3106,O
3107,O
3108,O
3109,O
3110,O
3111,O
3112,O
3113,B_person
3114,O
3115,O
3116,O
3117,O
3118,O
3119,O
3120,O
3121,I_person
3122,B_person
3123,I_person
3124,O
3125,O
3126,O
3127,I_person
3128,O
3129,O
3130,O
3131,O
3132,O
3133,O
3134,O
3135,O
3136,I_person
3137,O
3138,O
3139,O
3140,O
3141,O
3142,I_person
3143,O
3144,O
3145,O
3146,I_person
3147,O
3148,O
3149,O
3150,O
3151,O
3152,B_person
3153,I_person
3154,O
3155,B_person
3156,I_person
3157,O
3158,O
3159,O
3160,O
3161,O
3162,O
3163,O
3164,O
3165,O
3166,O
3167,B_person
3168,I_person
3169,B_cast
3170,I_cast
3171,O
3172,O
3173,O
3174,O
3175,O
3176,I_director
3177,O
3178,O
3179,O
3180,B_director
3181,I_director
3182,O
3183,O
3184,B_director
3185,I_director
3186,O
3187,O
3188,O
3189,O
3190,O
3191,B_director
3192,I_director
3193,O
3194,O
3195,B_director
3196,I_director
3197,O
3198,O
3199,B_director
3200,B_director
3201,O
3202,O
3203,O
3204,O
3205,O
3206,B_director
3207,O
3208,O
3209,O
3210,O
3211,B_director
3212,O
3213,O
3214,O
3215,O
3216,O
3217,O
3218,O
3219,B_movie
3220,O
3221,B_movie
3222,O
3223,O
3224,B_movie
3225,O
3226,O
3227,O
3228,B_movie
3229,O
3230,O
3231,O
3232,B_movie
3233,O
3234,O
3235,O
3236,O
3237,O
3238,O
3239,B_movie
3240,O
3241,O
3242,B_movie
3243,O
3244,O
3245,O
3246,O
3247,O
3248,B_movie
3249,O
3250,O
3251,O
3252,I_movie
3253,O
3254,O
3255,O
3256,O
3257,B_movie
3258,I_movie
3259,O
3260,O
3261,B_movie
3262,O
3263,O
3264,O
3265,O
3266,O
3267,O
3268,O
3269,B_movie
3270,O
3271,O
3272,B_movie
3273,O
3274,O
3275,B_movie
3276,B_movie
3277,O
3278,O
3279,O
3280,O
3281,O
3282,O
3283,O
3284,O
3285,O
3286,O
3287,O
3288,O
3289,O
3290,B_movie
3291,O
3292,O
3293,O
3294,O
3295,O
3296,O
3297,O
3298,B_movie
3299,O
3300,O
3301,B_movie
3302,O
3303,O
3304,O
3305,O
3306,B_movie
3307,O
3308,O
3309,O
3310,O
3311,O
3312,I_movie
3313,I_movie
3314,B_language
3315,O
3316,O
3317,B_movie
3318,I_movie
3319,O
3320,O
3321,O
3322,O
3323,O
3324,O
3325,I_movie
3326,O
3327,I_movie
3328,O
3329,O
3330,O
3331,O
3332,O
3333,O
3334,O
3335,O
3336,O
3337,O
3338,B_movie
3339,I_movie
3340,O
3341,O
3342,B_movie
3343,O
3344,O
3345,O
3346,O
3347,O
3348,O
3349,O
3350,O
3351,O
3352,O
3353,O
3354,O
3355,O
3356,O
3357,O
3358,O
3359,O
3360,O
3361,O
3362,B_movie
3363,O
3364,O
3365,O
3366,O
3367,I_movie
3368,I_movie
3369,O
3370,O
3371,B_movie
3372,O
3373,O
3374,O
3375,O
3376,O
3377,O
3378,O
3379,O
3380,O
3381,O
3382,O
3383,O
3384,O
3385,O
3386,O
3387,O
3388,O
3389,O
3390,O
3391,O
3392,O
3393,O
3394,O
3395,O
3396,O
3397,O
3398,O
3399,O
3400,O
3401,O
3402,O
3403,O
3404,B_movie
3405,O
3406,O
3407,O
3408,O
3409,O
3410,O
3411,B_movie
3412,I_movie
3413,O
3414,O
3415,O
3416,O
3417,O
3418,B_movie
3419,I_movie
3420,O
3421,O
3422,O
3423,O
3424,O
3425,O
3426,O
3427,O
3428,B_movie
3429,I_movie
3430,O
3431,O
3432,O
3433,B_movie
3434,I_movie
3435,O
3436,O
3437,O
3438,O
3439,O
3440,B_movie
3441,I_movie
3442,O
3443,O
3444,O
3445,B_movie
3446,I_movie
3447,O
3448,O
3449,O
3450,O
3451,O
3452,O
3453,O
3454,O
3455,I_movie
3456,O
3457,O
3458,O
3459,O
3460,I_movie
3461,O
3462,O
3463,O
3464,O
3465,I_movie
3466,O
3467,O
3468,O
3469,O
3470,I_movie
3471,I_movie
3472,O
3473,O
3474,O
3475,O
3476,O
3477,O
3478,B_movie
3479,I_movie
3480,O
3481,O
3482,O
3483,O
3484,O
3485,O
3486,O
3487,O
3488,O
3489,I_person
3490,O
3491,O
3492,O
3493,O
3494,O
3495,O
3496,O
3497,I_movie
3498,O
3499,B_movie
3500,O
3501,O
3502,O
3503,O
3504,O
3505,O
3506,I_movie
3507,O
3508,O
3509,O
3510,B_movie
3511,I_movie
3512,O
3513,I_movie
3514,O
3515,O
3516,O
3517,O
3518,O
3519,O
3520,O
3521,B_movie
3522,I_movie
3523,O
3524,O
3525,O
3526,O
3527,B_movie
3528,I_movie
3529,O
3530,I_movie
3531,O
3532,O
3533,O
3534,O
3535,B_subject
3536,I_movie
3537,O
3538,O
3539,O
3540,O
3541,O
3542,O
3543,B_subject
3544,I_movie
3545,O
3546,O
3547,O
3548,O
3549,O
3550,O
3551,B_movie
3552,O
3553,O
3554,O
3555,O
3556,O
3557,O
3558,O
3559,O
3560,O
3561,O
3562,O
3563,O
3564,B_movie
3565,O
3566,O
3567,O
3568,O
3569,O
3570,O
3571,O
3572,O
3573,O
3574,O
3575,O
3576,O
3577,O
3578,B_movie
3579,I_movie
3580,I_movie
3581,O
3582,O
3583,O
3584,O
3585,O
3586,O
3587,O
3588,O
3589,O
3590,O
3591,O
3592,O
3593,O
3594,B_movie
3595,O
3596,O
3597,O
3598,O
3599,O
3600,O
3601,O
3602,O
3603,O
3604,O
3605,O
3606,O
3607,O
3608,O
3609,O
3610,O
3611,O
3612,O
3613,O
3614,O
3615,O
3616,O
3617,O
3618,O
3619,O
3620,O
3621,O
3622,O
3623,O
3624,O
3625,O
3626,O
3627,O
3628,O
3629,O
3630,O
3631,O
3632,O
3633,O
3634,O
3635,O
3636,O
3637,O
3638,O
3639,O
3640,O
3641,B_movie
3642,O
3643,I_movie
3644,O
3645,O
3646,O
3647,O
3648,O
3649,O
3650,O
3651,O
3652,O
3653,O
3654,O
3655,O
3656,O
3657,O
3658,O
3659,O
3660,O
3661,O
3662,O
3663,O
3664,O
3665,O
3666,O
3667,I_movie
3668,O
3669,O
3670,O
3671,O
3672,O
3673,O
3674,O
3675,O
3676,O
3677,O
3678,O
3679,O
3680,O
3681,O
3682,O
3683,O
3684,O
3685,O
3686,O
3687,O
3688,O
3689,O
3690,O
3691,O
3692,O
3693,O
3694,O
3695,O
3696,O
3697,O
3698,O
3699,O
3700,I_movie
3701,O
3702,O
3703,O
3704,O
3705,O
3706,O
3707,O
3708,O
3709,O
3710,O
3711,O
3712,O
3713,O
3714,O
3715,O
3716,O
3717,B_movie
3718,O
3719,O
3720,O
3721,O
3722,O
3723,O
3724,O
3725,B_movie
3726,O
3727,O
3728,O
3729,O
3730,O
3731,O
3732,O
3733,B_movie
3734,O
3735,O
3736,O
3737,B_movie
3738,O
3739,B_movie
3740,I_movie
3741,O
3742,O
3743,O
3744,O
3745,O
3746,O
3747,O
3748,B_movie
3749,O
3750,O
3751,O
3752,O
3753,O
3754,O
3755,O
3756,O
3757,O
3758,O
3759,O
3760,O
3761,B_movie
3762,I_movie
3763,I_movie
3764,O
3765,O
3766,O
3767,O
3768,O
3769,O
3770,O
3771,O
3772,O
3773,O
3774,O
3775,O
3776,O
3777,B_movie
3778,O
3779,O
3780,O
3781,O
3782,O
3783,O
3784,B_movie
3785,I_movie
3786,O
3787,O
3788,O
3789,O
3790,O
3791,O
3792,O
3793,O
3794,O
3795,B_movie
3796,O
3797,O
3798,O
3799,O
3800,B_movie
3801,O
3802,O
3803,O
3804,O
3805,O
3806,O
3807,O
3808,O
3809,O
3810,O
3811,O
3812,O
3813,O
3814,O
3815,O
3816,O
3817,O
3818,O
3819,O
3820,O
3821,O
3822,O
3823,O
3824,O
3825,O
3826,O
3827,I_movie
3828,O
3829,O
3830,O
3831,O
3832,O
3833,O
3834,O
3835,O
3836,O
3837,O
3838,O
3839,O
3840,O
3841,O
3842,O
3843,O
3844,O
3845,O
3846,O
3847,O
3848,O
3849,O
3850,O
3851,O
3852,O
3853,O
3854,O
3855,O
3856,O
3857,O
3858,O
3859,I_movie
3860,O
3861,O
3862,O
3863,O
3864,O
3865,O
3866,O
3867,B_movie
3868,I_mpaa_rating
3869,O
3870,O
3871,O
3872,O
3873,O
3874,O
3875,B_movie
3876,I_movie
3877,O
3878,O
3879,O
3880,O
3881,O
3882,B_movie
3883,I_movie
3884,O
3885,O
3886,O
3887,O
3888,O
3889,O
3890,O
3891,O
3892,I_movie
3893,O
3894,O
3895,O
3896,B_movie
3897,O
3898,O
3899,O
3900,O
3901,O
3902,B_movie
3903,O
3904,O
3905,O
3906,O
3907,O
3908,O
3909,O
3910,O
3911,O
3912,O
3913,O
3914,O
3915,O
3916,O
3917,O
3918,O
3919,I_movie
3920,O
3921,O
3922,O
3923,O
3924,O
3925,B_movie
3926,O
3927,B_movie
3928,I_movie
3929,I_movie
3930,O
3931,O
3932,O
3933,O
3934,O
3935,O
3936,O
3937,O
3938,O
3939,O
3940,O
3941,O
3942,O
3943,O
3944,O
3945,O
3946,O
3947,O
3948,O
3949,O
3950,O
3951,B_movie
3952,I_movie
3953,O
3954,O
3955,O
3956,O
3957,O
3958,I_movie
3959,O
3960,I_movie
3961,O
3962,O
3963,O
3964,O
3965,O
3966,O
3967,O
3968,O
3969,O
3970,O
3971,O
3972,O
3973,O
3974,O
3975,O
3976,O
3977,O
3978,O
3979,O
3980,O
3981,O
3982,B_movie
3983,O
3984,O
3985,O
3986,O
3987,O
3988,O
3989,O
3990,O
3991,O
3992,O
3993,O
3994,O
3995,O
3996,O
3997,O
3998,O
3999,B_genre
4000,O
4001,O
4002,O
4003,O
4004,B_genre
4005,B_genre
4006,O
4007,O
4008,O
4009,O
4010,O
4011,O
4012,O
4013,O
4014,O
4015,B_movie
4016,O
4017,O
4018,B_genre
4019,O
4020,O
4021,O
4022,O
4023,O
4024,O
4025,O
4026,B_genre
4027,O
4028,O
4029,O
4030,O
4031,B_genre
4032,O
4033,O
4034,O
4035,O
4036,O
4037,O
4038,O
4039,O
4040,O
4041,O
4042,O
4043,O
4044,O
4045,O
4046,O
4047,B_director
4048,I_director
4049,O
4050,O
4051,O
4052,B_director
4053,I_director
4054,O
4055,O
4056,O
4057,O
4058,O
4059,O
4060,O
4061,O
4062,O
4063,O
4064,O
4065,O
4066,O
4067,O
4068,O
4069,O
4070,O
4071,O
4072,O
4073,O
4074,O
4075,B_location
4076,O
4077,O
4078,O
4079,O
4080,O
4081,O
4082,B_language
4083,O
4084,O
4085,O
4086,O
4087,O
4088,O
4089,O
4090,O
4091,O
4092,O
4093,I_movie
4094,O
4095,O
4096,O
4097,B_subject
4098,O
4099,O
4100,O
4101,B_producer
4102,I_producer
4103,O
4104,O
4105,O
4106,O
4107,O
4108,O
4109,I_producer
4110,O
4111,O
4112,O
4113,O
4114,O
4115,B_person
4116,I_person
4117,O
4118,O
4119,O
4120,O
4121,B_person
4122,I_person
4123,O
4124,O
4125,O
4126,O
4127,O
4128,O
4129,O
4130,O
4131,O
4132,O
4133,O
4134,O
4135,O
4136,O
4137,O
4138,O
4139,O
4140,O
4141,O
4142,B_person
4143,O
4144,O
4145,O
4146,O
4147,O
4148,O
4149,O
4150,O
4151,O
4152,B_person
4153,O
4154,B_person
4155,I_person
4156,O
4157,O
4158,O
4159,O
4160,O
4161,O
4162,O
4163,O
4164,O
4165,O
4166,B_person
4167,I_person
4168,O
4169,O
4170,O
4171,O
4172,O
4173,O
4174,B_genre
4175,O
4176,O
4177,B_person
4178,I_person
4179,O
4180,O
4181,O
4182,O
4183,O
4184,O
4185,O
4186,B_genre
4187,B_mpaa_rating
4188,I_movie
4189,O
4190,O
4191,O
4192,O
4193,O
4194,O
4195,O
4196,O
4197,O
4198,O
4199,O
4200,O
4201,O
4202,O
4203,O
4204,O
4205,O
4206,O
4207,O
4208,O
4209,O
4210,O
4211,O
4212,O
4213,O
4214,O
4215,O
4216,O
4217,O
4218,O
4219,O
4220,O
4221,O
4222,B_subject
4223,O
4224,O
4225,O
4226,O
4227,O
4228,B_language
4229,O
4230,O
4231,O
4232,O
4233,O
4234,O
4235,B_language
4236,O
4237,O
4238,O
4239,O
4240,O
4241,O
4242,O
4243,O
4244,O
4245,O
4246,O
4247,O
4248,O
4249,O
4250,O
4251,O
4252,O
4253,O
4254,B_language
4255,O
4256,O
4257,O
4258,B_language
4259,O
4260,O
4261,O
4262,O
4263,O
4264,O
4265,O
4266,O
4267,O
4268,O
4269,B_language
4270,O
4271,O
4272,O
4273,O
4274,O
4275,O
4276,O
4277,B_language
4278,O
4279,O
4280,O
4281,O
4282,B_language
4283,O
4284,O
4285,O
4286,B_language
4287,O
4288,O
4289,O
4290,O
4291,O
4292,O
4293,O
4294,O
4295,O
4296,O
4297,O
4298,O
4299,O
4300,B_country
4301,O
4302,O
4303,O
4304,O
4305,B_language
4306,O
4307,O
4308,O
4309,O
4310,O
4311,B_language
4312,O
4313,O
4314,O
4315,B_language
4316,O
4317,O
4318,O
4319,O
4320,O
4321,O
4322,B_language
4323,O
4324,O
4325,O
4326,O
4327,O
4328,O
4329,O
4330,O
4331,O
4332,O
4333,O
4334,O
4335,O
4336,O
4337,O
4338,O
4339,O
4340,O
4341,O
4342,O
4343,O
4344,O
4345,O
4346,B_director
4347,I_director
4348,O
4349,O
4350,B_cast
4351,O
4352,O
4353,O
4354,O
4355,O
4356,O
4357,O
4358,O
4359,O
4360,O
4361,O
4362,O
4363,O
4364,O
4365,O
4366,O
4367,B_producer
4368,I_producer
4369,B_producer
4370,O
4371,O
4372,O
4373,O
4374,O
4375,O
4376,O
4377,B_producer
4378,I_producer
4379,I_producer
4380,O
4381,O
4382,O
4383,O
4384,B_mpaa_rating
4385,O
4386,I_mpaa_rating
4387,O
4388,O
4389,O
4390,O
4391,O
4392,O
4393,O
4394,O
4395,O
4396,O
4397,O
4398,O
4399,O
4400,O
4401,O
4402,O
4403,O
4404,O
4405,O
4406,O
4407,O
4408,B_mpaa_rating
4409,I_movie
4410,B_genre
4411,O
4412,O
4413,O
4414,O
4415,O
4416,B_mpaa_rating
4417,I_movie
4418,O
4419,O
4420,O
4421,O
4422,O
4423,O
4424,O
4425,B_mpaa_rating
4426,O
4427,O
4428,O
4429,O
4430,O
4431,B_mpaa_rating
4432,O
4433,O
4434,B_producer
4435,O
4436,O
4437,O
4438,O
4439,O
4440,O
4441,O
4442,O
4443,O
4444,O
4445,O
4446,O
4447,O
4448,O
4449,O
4450,O
4451,O
4452,O
4453,O
4454,B_cast
4455,O
4456,O
4457,O
4458,O
4459,B_cast
4460,I_cast
4461,O
4462,O
4463,O
4464,O
4465,O
4466,O
4467,B_cast
4468,O
4469,O
4470,O
4471,O
4472,O
4473,O
4474,O
4475,O
4476,B_cast
4477,I_cast
4478,O
4479,O
4480,O
4481,O
4482,O
4483,O
4484,O
4485,B_cast
4486,O
4487,O
4488,O
4489,O
4490,O
4491,O
4492,O
4493,O
4494,O
4495,O
4496,O
4497,O
4498,B_cast
4499,I_person
4500,O
4501,O
4502,O
4503,O
4504,O
4505,B_movie
4506,B_cast
4507,I_person
4508,O
4509,O
4510,O
4511,O
4512,I_movie
4513,O
4514,O
4515,B_cast
4516,I_person
4517,O
4518,O
4519,O
4520,O
4521,O
4522,O
4523,B_person
4524,I_person
4525,O
4526,O
4527,O
4528,O
4529,O
4530,O
4531,O
4532,O
4533,O
4534,O
4535,O
4536,O
4537,B_subject
4538,O
4539,O
4540,O
4541,O
4542,O
4543,B_subject
4544,O
4545,O
4546,O
4547,O
4548,O
4549,O
4550,O
4551,O
4552,O
4553,O
4554,O
4555,O
4556,O
4557,O
4558,O
4559,O
4560,O
4561,O
4562,O
4563,O
4564,O
4565,O
4566,O
4567,O
4568,O
4569,O
4570,O
4571,O
4572,O
4573,O
4574,O
4575,O
4576,O
4577,O
4578,O
4579,O
4580,O
4581,O
4582,O
4583,O
4584,O
4585,O
4586,O
4587,O
4588,O
4589,O
4590,O
4591,O
4592,O
4593,O
4594,O
4595,O
4596,O
4597,O
4598,O
4599,O
4600,O
4601,O
4602,O
4603,O
4604,O
4605,O
4606,O
4607,O
4608,O
4609,O
4610,O
4611,O
4612,O
4613,O
4614,O
4615,I_movie
4616,O
4617,O
4618,O
4619,O
4620,O
4621,O
4622,O
4623,O
4624,O
4625,O
4626,O
4627,B_subject
4628,I_subject
4629,O
4630,O
4631,O
4632,O
4633,O
4634,O
4635,O
4636,B_subject
4637,I_subject
4638,O
4639,O
4640,O
4641,O
4642,O
4643,O
4644,O
4645,O
4646,O
4647,B_subject
4648,O
4649,O
4650,O
4651,O
4652,O
4653,O
4654,O
4655,O
4656,B_subject
4657,O
4658,O
4659,O
4660,O
4661,O
4662,O
4663,O
4664,B_subject
4665,O
4666,O
4667,O
4668,O
4669,O
4670,O
4671,O
4672,B_subject
4673,O
4674,O
4675,O
4676,O
4677,B_subject
4678,O
4679,O
4680,O
4681,B_subject
4682,B_subject
4683,B_movie
4684,O
4685,O
4686,O
4687,B_subject
4688,O
4689,O
4690,O
4691,O
4692,B_subject
4693,O
4694,O
4695,O
4696,B_movie
4697,O
4698,B_language
4699,O
4700,B_movie
4701,O
4702,B_mpaa_rating
4703,O
4704,O
4705,O
4706,O
4707,B_language
4708,O
4709,O
4710,B_movie
4711,O
4712,B_movie
4713,O
4714,B_language
4715,O
4716,O
4717,O
4718,O
4719,O
4720,B_country
4721,B_movie
4722,O
4723,O
4724,I_movie
4725,B_director
4726,I_director
4727,O
4728,O
4729,O
4730,B_movie
4731,O
4732,I_movie
4733,O
4734,O
4735,O
4736,B_movie
4737,O
4738,I_movie
4739,B_person
4740,O
4741,O
4742,O
4743,O
4744,O
4745,O
4746,O
4747,O
4748,O
4749,O
4750,O
4751,O
4752,O
4753,O
4754,O
4755,O
4756,O
4757,O
4758,O
4759,O
4760,O
4761,B_movie
4762,O
4763,O
4764,O
4765,O
4766,O
4767,O
4768,O
4769,B_movie
4770,O
4771,O
4772,O
4773,O
4774,O
4775,O
4776,O
4777,B_movie
4778,O
4779,O
4780,B_release_year
4781,O
4782,O
4783,O
4784,O
4785,O
4786,B_movie
4787,O
4788,O
4789,O
4790,B_language
4791,O
4792,O
4793,O
4794,O
4795,B_movie
4796,I_movie
4797,O
4798,O
4799,O
4800,O
4801,O
4802,O
4803,O
4804,O
4805,B_movie
4806,O
4807,O
4808,B_producer
4809,I_producer
4810,O
4811,B_movie
4812,I_movie
4813,O
4814,O
4815,O
4816,B_movie
4817,I_movie
4818,O
4819,O
4820,O
4821,O
4822,O
4823,O
4824,O
4825,O
4826,O
4827,O
4828,O
4829,B_language
4830,O
4831,O
4832,O
4833,O
4834,B_language
4835,O
4836,O
4837,O
4838,O
4839,O
4840,O
4841,B_country
4842,O
4843,O
4844,B_producer
4845,O
4846,O
4847,O
4848,B_producer
4849,B_producer
4850,O
4851,O
4852,O
4853,O
4854,O
4855,O
4856,O
4857,O
4858,O
4859,O
4860,O
4861,O
4862,O
4863,O
4864,O
4865,O
4866,B_director
4867,I_director
4868,O
4869,O
4870,O
4871,O
4872,B_person
4873,I_person
4874,O
4875,O
4876,O
4877,O
4878,O
4879,O
4880,O
4881,O
4882,O
4883,O
4884,O
4885,O
4886,I_movie
4887,I_movie
4888,I_movie
4889,O
4890,O
4891,O
4892,O
4893,O
4894,O
4895,O
4896,O
4897,B_movie
4898,I_movie
4899,O
4900,O
4901,O
4902,O
4903,O
4904,O
4905,B_movie
4906,I_movie
4907,O
4908,O
4909,B_movie
4910,I_movie
4911,O
4912,O
4913,O
4914,O
4915,O
4916,I_movie
4917,O
4918,O
4919,O
4920,O
4921,O
4922,O
4923,O
4924,O
4925,O
4926,O
4927,O
4928,O
4929,O
4930,B_movie
4931,B_movie
4932,O
4933,O
4934,O
4935,O
4936,O
4937,B_movie
4938,I_movie
4939,O
4940,O
4941,O
4942,B_movie
4943,I_movie
4944,I_movie
4945,O
4946,O
4947,O
4948,O
4949,O
4950,B_movie
4951,I_movie
4952,O
4953,O
4954,O
4955,O
4956,O
4957,O
4958,O
4959,B_movie
4960,I_movie
4961,O
4962,O
4963,O
4964,O
4965,O
4966,O
4967,O
4968,O
4969,O
4970,B_movie
4971,O
4972,O
4973,O
4974,B_movie
4975,O
4976,O
4977,O
4978,O
4979,O
4980,O
4981,B_movie
4982,O
4983,O
4984,O
4985,O
4986,B_movie
4987,O
4988,O
4989,O
4990,O
4991,O
4992,O
4993,O
4994,O
4995,I_person
4996,O
4997,O
4998,O
4999,O
5000,O
5001,O
5002,O
5003,O
5004,O
5005,O
5006,O
5007,O
5008,O
5009,O
5010,I_person
5011,O
5012,O
5013,O
5014,O
5015,O
5016,O
5017,O
5018,O
5019,O
5020,O
5021,O
5022,O
5023,O
5024,O
5025,O
5026,O
5027,O
5028,O
5029,O
5030,O
5031,B_movie
5032,O
5033,O
5034,O
5035,O
5036,O
5037,O
5038,O
5039,B_movie
5040,O
5041,O
5042,O
5043,O
5044,O
5045,O
5046,I_movie
5047,O
5048,O
5049,O
5050,O
5051,O
5052,O
5053,O
5054,I_movie
5055,I_movie
5056,O
5057,O
5058,O
5059,O
5060,O
5061,O
5062,O
5063,O
5064,O
5065,O
5066,O
5067,O
5068,B_movie
5069,I_movie
5070,O
5071,O
5072,O
5073,O
5074,O
5075,O
5076,O
5077,O
5078,O
5079,O
5080,B_movie
5081,O
5082,I_movie
5083,O
5084,O
5085,O
5086,O
5087,O
5088,O
5089,O
5090,O
5091,O
5092,O
5093,O
5094,O
5095,O
5096,O
5097,O
5098,O
5099,O
5100,O
5101,O
5102,O
5103,O
5104,B_movie
5105,O
5106,O
5107,O
5108,O
5109,O
5110,O
5111,O
5112,O
5113,O
5114,O
5115,O
5116,O
5117,O
5118,O
5119,O
5120,O
5121,O
5122,O
5123,O
5124,O
5125,B_cast
5126,I_cast
5127,O
5128,O
5129,O
5130,I_person
5131,O
5132,O
5133,O
5134,B_movie
5135,I_movie
5136,O
5137,O
5138,O
5139,O
5140,O
5141,O
5142,O
5143,O
5144,O
5145,O
5146,O
5147,O
5148,O
5149,O
5150,O
5151,O
5152,O
5153,O
5154,O
5155,O
5156,O
5157,O
5158,O
5159,O
5160,O
5161,O
5162,O
5163,O
5164,O
5165,O
5166,O
5167,B_subject
5168,O
5169,O
5170,O
5171,O
5172,O
5173,O
5174,O
5175,O
5176,O
5177,O
5178,O
5179,O
5180,O
5181,O
5182,O
5183,O
5184,O
5185,O
5186,O
5187,O
5188,O
5189,O
5190,O
5191,B_movie
5192,I_movie
5193,O
5194,O
5195,O
5196,O
5197,O
5198,O
5199,O
5200,O
5201,O
5202,O
5203,O
5204,O
5205,O
5206,O
5207,O
5208,O
5209,B_movie
5210,O
5211,O
5212,B_movie
5213,O
5214,O
5215,O
5216,O
5217,O
5218,O
5219,O
5220,O
5221,O
5222,O
5223,O
5224,O
5225,O
5226,B_person
5227,I_person
5228,O
5229,O
5230,O
5231,O
5232,O
5233,O
5234,O
5235,O
5236,O
5237,O
5238,O
5239,O
5240,O
5241,O
5242,O
5243,O
5244,O
5245,I_movie
5246,O
5247,O
5248,O
5249,O
5250,O
5251,O
5252,O
5253,I_movie
5254,O
5255,O
5256,O
5257,B_director
5258,I_director
5259,O
5260,O
5261,O
5262,O
5263,O
5264,B_director
5265,O
5266,O
5267,O
5268,O
5269,O
5270,O
5271,O
5272,O
5273,O
5274,O
5275,O
5276,O
5277,O
5278,O
5279,O
5280,O
5281,O
5282,O
5283,O
5284,O
5285,O
5286,O
5287,O
5288,O
5289,O
5290,O
5291,O
5292,O
5293,O
5294,O
5295,O
5296,O
5297,O
5298,O
5299,O
5300,O
5301,O
5302,O
5303,O
5304,O
5305,I_movie
5306,O
5307,O
5308,O
5309,O
5310,O
5311,O
5312,O
5313,O
5314,O
5315,O
5316,O
5317,O
5318,O
5319,O
5320,O
5321,O
5322,B_movie
5323,O
5324,O
5325,O
5326,O
5327,O
5328,B_producer
5329,I_producer
5330,O
5331,O
5332,O
5333,O
5334,O
5335,O
5336,B_release_year
5337,O
5338,O
5339,O
5340,O
5341,O
5342,O
5343,B_release_year
5344,O
5345,O
5346,O
5347,O
5348,O
5349,O
5350,O
5351,O
5352,O
5353,O
5354,O
5355,O
5356,O
5357,O
5358,O
5359,O
5360,O
5361,O
5362,O
5363,B_producer
5364,O
5365,O
5366,O
5367,O
5368,O
5369,O
5370,B_producer
5371,O
5372,O
5373,O
5374,O
5375,O
5376,B_person
5377,I_person
5378,O
5379,O
5380,O
5381,O
5382,B_country
5383,O
5384,O
5385,O
5386,O
5387,O
5388,O
5389,B_country
5390,O
5391,O
5392,O
5393,O
5394,O
5395,O
5396,O
5397,O
5398,O
5399,O
5400,B_location
5401,O
5402,O
5403,O
5404,O
5405,O
5406,O
5407,B_country
5408,O
5409,O
5410,O
5411,O
5412,O
5413,O
5414,O
5415,O
5416,O
5417,O
5418,O
5419,O
5420,O
5421,O
5422,O
5423,O
5424,O
5425,O
5426,B_movie
5427,O
5428,B_language
5429,O
5430,O
5431,O
5432,B_movie
5433,O
5434,O
5435,O
5436,O
5437,O
5438,B_country
5439,O
5440,O
5441,O
5442,B_movie
5443,O
5444,O
5445,B_country
5446,O
5447,O
5448,O
5449,O
5450,O
5451,B_subject
5452,O
5453,O
5454,O
5455,O
5456,O
5457,B_subject
5458,O
5459,O
5460,O
5461,O
5462,O
5463,O
5464,O
5465,O
5466,O
5467,O
5468,O
5469,O
5470,O
5471,O
5472,O
5473,I_person
5474,O
5475,O
5476,O
5477,O
5478,O
5479,B_genre
5480,O
5481,O
5482,O
5483,O
5484,O
5485,O
5486,B_language
5487,O
5488,O
5489,O
5490,O
5491,B_language
5492,O
5493,O
5494,O
5495,B_language
5496,O
5497,O
5498,O
5499,O
5500,O
5501,O
5502,O
5503,O
5504,B_country
5505,O
5506,O
5507,B_movie
5508,O
5509,O
5510,I_movie
5511,O
5512,O
5513,O
5514,O
5515,O
5516,O
5517,O
5518,O
5519,O
5520,O
5521,O
5522,B_subject
5523,I_subject
5524,O
5525,O
5526,O
5527,O
5528,O
5529,O
5530,B_release_year
5531,O
5532,O
5533,O
5534,O
5535,O
5536,O
5537,B_language
5538,O
5539,O
5540,O
5541,O
5542,O
5543,O
5544,O
5545,O
5546,B_movie
5547,O
5548,O
5549,O
5550,B_producer
5551,O
5552,O
5553,O
5554,O
5555,O
5556,O
5557,O
5558,B_director
5559,B_director
5560,O
5561,O
5562,B_director
5563,I_director
5564,O
5565,O
5566,O
5567,O
5568,O
5569,O
5570,O
5571,I_person
5572,O
5573,O
5574,O
5575,O
5576,B_director
5577,I_director
5578,O
5579,O
5580,O
5581,O
5582,O
5583,O
5584,O
5585,O
5586,O
5587,O
5588,O
5589,O
5590,O
5591,O
5592,O
5593,O
5594,O
5595,O
5596,O
5597,O
5598,O
5599,O
5600,O
5601,O
5602,B_movie
5603,O
5604,O
5605,B_movie
5606,I_movie
5607,O
5608,O
5609,O
5610,O
5611,O
5612,O
5613,O
5614,O
5615,B_movie
5616,O
5617,O
5618,O
5619,O
5620,O
5621,O
5622,O
5623,O
5624,O
5625,O
5626,O
5627,O
5628,O
5629,B_person
5630,O
5631,O
5632,O
5633,O
5634,B_movie
5635,O
5636,O
5637,O
5638,O
5639,O
5640,O
5641,O
5642,O
5643,O
5644,O
5645,O
5646,O
5647,O
5648,O
5649,B_movie
5650,I_movie
5651,O
5652,O
5653,O
5654,B_movie
5655,I_movie
5656,O
5657,O
5658,O
5659,O
5660,O
5661,O
5662,B_movie
5663,O
5664,O
5665,O
5666,O
5667,O
5668,O
5669,O
5670,O
5671,B_movie
5672,O
5673,O
5674,O
5675,O
5676,I_movie
5677,O
5678,O
5679,O
5680,O
5681,O
5682,O
5683,O
5684,O
5685,O
5686,O
5687,O
5688,O
5689,O
5690,O
5691,O
5692,B_movie
5693,I_movie
5694,O
5695,O
5696,O
5697,O
5698,O
5699,O
5700,O
5701,B_movie
5702,O
5703,O
5704,B_movie
5705,O
5706,B_movie
5707,O
5708,O
5709,O
5710,O
5711,O
5712,B_movie
5713,I_movie
5714,O
5715,O
5716,O
5717,B_movie
5718,I_movie
5719,O
5720,O
5721,O
5722,O
5723,O
5724,O
5725,O
5726,O
5727,O
5728,O
5729,O
5730,O
5731,O
5732,O
5733,O
5734,O
5735,O
5736,O
5737,O
5738,O
5739,O
5740,O
5741,O
5742,O
5743,B_movie
5744,I_movie
5745,O
5746,O
5747,O
5748,B_movie
5749,I_movie
5750,O
5751,O
5752,O
5753,O
5754,B_movie
5755,I_movie
5756,O
5757,O
5758,O
5759,O
5760,O
5761,O
5762,O
5763,B_movie
5764,O
5765,O
5766,B_movie
5767,I_movie
5768,O
5769,O
5770,B_movie
5771,I_movie
5772,O
5773,O
5774,B_movie
5775,I_movie
5776,O
5777,O
5778,O
5779,O
5780,O
5781,O
5782,I_movie
5783,O
5784,O
5785,O
5786,O
5787,O
5788,O
5789,B_movie
5790,I_movie
5791,O
5792,O
5793,O
5794,B_movie
5795,O
5796,I_movie
5797,O
5798,O
5799,O
5800,O
5801,B_movie
5802,I_movie
5803,O
5804,I_movie
5805,O
5806,O
5807,B_movie
5808,I_movie
5809,I_movie
5810,O
5811,O
5812,B_movie
5813,I_movie
5814,I_movie
5815,B_movie
5816,I_movie
5817,O
5818,O
5819,O
5820,O
5821,O
5822,O
5823,O
5824,B_movie
5825,I_movie
5826,O
5827,B_movie
5828,O
5829,I_movie
5830,O
5831,O
5832,O
5833,B_movie
5834,I_movie
5835,O
5836,O
5837,O
5838,O
5839,B_movie
5840,I_movie
5841,O
5842,O
5843,O
5844,O
5845,O
5846,O
5847,O
5848,O
5849,O
5850,B_producer
5851,O
5852,O
5853,O
5854,B_director
5855,I_director
5856,O
5857,O
5858,O
5859,O
5860,O
5861,O
5862,B_director
5863,O
5864,O
5865,O
5866,O
5867,B_country
