Id,Predicted
0,B_char
1,O
2,B_movie
3,I_movie
4,O
5,O
6,O
7,O
8,O
9,O
10,O
11,O
12,O
13,O
14,O
15,O
16,O
17,O
18,O
19,O
20,O
21,O
22,O
23,O
24,O
25,O
26,O
27,O
28,O
29,O
30,O
31,O
32,O
33,O
34,O
35,O
36,O
37,O
38,O
39,O
40,O
41,O
42,O
43,O
44,O
45,O
46,O
47,O
48,O
49,O
50,O
51,O
52,O
53,O
54,O
55,O
56,O
57,O
58,O
59,O
60,O
61,O
62,O
63,O
64,O
65,O
66,O
67,O
68,O
69,O
70,O
71,O
72,O
73,O
74,O
75,O
76,O
77,O
78,O
79,O
80,O
81,O
82,O
83,O
84,O
85,O
86,O
87,O
88,O
89,O
90,O
91,O
92,O
93,O
94,O
95,O
96,O
97,O
98,O
99,O
100,O
101,O
102,O
103,O
104,O
105,O
106,O
107,O
108,O
109,O
110,O
111,O
112,O
113,O
114,O
115,O
116,O
117,O
118,O
119,O
120,O
121,O
122,O
123,O
124,O
125,O
126,O
127,O
128,O
129,O
130,O
131,O
132,O
133,O
134,O
135,O
136,O
137,O
138,O
139,O
140,O
141,O
142,O
143,O
144,O
145,O
146,O
147,O
148,O
149,O
150,O
151,O
152,O
153,O
154,O
155,O
156,O
157,O
158,O
159,O
160,O
161,O
162,O
163,O
164,O
165,O
166,O
167,O
168,O
169,O
170,O
171,O
172,O
173,O
174,O
175,O
176,O
177,O
178,O
179,O
180,O
181,O
182,O
183,O
184,O
185,O
186,O
187,O
188,O
189,O
190,O
191,O
192,O
193,O
194,O
195,O
196,O
197,O
198,O
199,O
200,O
201,O
202,O
203,O
204,O
205,O
206,O
207,O
208,O
209,O
210,O
211,O
212,O
213,O
214,O
215,O
216,O
217,O
218,O
219,O
220,O
221,O
222,O
223,O
224,O
225,O
226,O
227,O
228,O
229,O
230,O
231,O
232,O
233,O
234,O
235,O
236,O
237,O
238,O
239,O
240,O
241,O
242,O
243,O
244,O
245,O
246,O
247,O
248,O
249,O
250,O
251,O
252,O
253,O
254,O
255,O
256,O
257,O
258,O
259,O
260,O
261,O
262,O
263,O
264,O
265,O
266,O
267,O
268,O
269,O
270,O
271,O
272,O
273,O
274,O
275,O
276,O
277,O
278,O
279,O
280,O
281,O
282,O
283,O
284,O
285,O
286,O
287,O
288,O
289,O
290,O
291,O
292,O
293,O
294,O
295,O
296,O
297,O
298,O
299,O
300,O
301,O
302,O
303,O
304,O
305,O
306,O
307,O
308,O
309,O
310,O
311,O
312,O
313,O
314,O
315,O
316,O
317,O
318,O
319,O
320,O
321,O
322,O
323,O
324,O
325,O
326,O
327,O
328,O
329,O
330,O
331,O
332,O
333,O
334,O
335,O
336,O
337,O
338,O
339,O
340,O
341,O
342,O
343,O
344,O
345,O
346,O
347,O
348,O
349,O
350,O
351,O
352,O
353,O
354,O
355,O
356,O
357,O
358,O
359,O
360,O
361,O
362,O
363,O
364,O
365,O
366,O
367,O
368,O
369,O
370,O
371,O
372,O
373,O
374,O
375,O
376,O
377,O
378,O
379,O
380,O
381,O
382,O
383,O
384,O
385,O
386,O
387,O
388,O
389,O
390,O
391,O
392,O
393,O
394,O
395,O
396,O
397,O
398,O
399,O
400,O
401,O
402,O
403,O
404,O
405,O
406,O
407,O
408,O
409,O
410,O
411,O
412,O
413,O
414,O
415,O
416,O
417,O
418,O
419,O
420,O
421,O
422,O
423,O
424,O
425,O
426,O
427,O
428,O
429,O
430,O
431,O
432,O
433,O
434,O
435,O
436,O
437,O
438,O
439,O
440,O
441,O
442,O
443,O
444,O
445,O
446,O
447,O
448,O
449,O
450,O
451,O
452,O
453,O
454,O
455,O
456,O
457,O
458,O
459,O
460,O
461,O
462,O
463,O
464,O
465,O
466,O
467,O
468,O
469,O
470,O
471,O
472,O
473,O
474,O
475,O
476,O
477,O
478,O
479,O
480,O
481,O
482,O
483,O
484,O
485,O
486,O
487,O
488,O
489,O
490,O
491,O
492,O
493,O
494,O
495,O
496,O
497,O
498,O
499,O
500,O
501,O
502,O
503,O
504,O
505,O
506,O
507,O
508,O
509,O
510,O
511,O
512,O
513,O
514,O
515,O
516,O
517,O
518,O
519,O
520,O
521,O
522,O
523,O
524,O
525,O
526,O
527,O
528,O
529,O
530,O
531,O
532,O
533,O
534,O
535,O
536,O
537,O
538,O
539,O
540,O
541,O
542,O
543,O
544,O
545,O
546,O
547,O
548,O
549,O
550,O
551,O
552,O
553,O
554,O
555,O
556,O
557,O
558,O
559,O
560,O
561,O
562,O
563,O
564,O
565,O
566,O
567,O
568,O
569,O
570,O
571,O
572,O
573,O
574,O
575,O
576,O
577,O
578,O
579,O
580,O
581,O
582,O
583,O
584,O
585,O
586,O
587,O
588,O
589,O
590,O
591,O
592,O
593,O
594,O
595,O
596,O
597,O
598,O
599,O
600,O
601,O
602,O
603,O
604,O
605,O
606,O
607,O
608,O
609,O
610,O
611,O
612,O
613,O
614,O
615,O
616,O
617,O
618,O
619,O
620,O
621,O
622,O
623,O
624,O
625,O
626,O
627,O
628,O
629,O
630,O
631,O
632,O
633,O
634,O
635,O
636,O
637,O
638,O
639,O
640,O
641,O
642,O
643,O
644,O
645,O
646,O
647,O
648,O
649,O
650,O
651,O
652,O
653,O
654,O
655,O
656,O
657,O
658,O
659,O
660,O
661,O
662,O
663,O
664,O
665,O
666,O
667,O
668,O
669,O
670,O
671,O
672,O
673,O
674,O
675,O
676,O
677,O
678,O
679,O
680,O
681,O
682,O
683,O
684,O
685,O
686,O
687,O
688,O
689,O
690,O
691,O
692,O
693,O
694,O
695,O
696,O
697,O
698,O
699,O
700,O
701,O
702,O
703,O
704,O
705,O
706,O
707,O
708,O
709,O
710,O
711,O
712,O
713,O
714,O
715,O
716,O
717,O
718,O
719,O
720,O
721,O
722,O
723,O
724,O
725,O
726,O
727,O
728,O
729,O
730,O
731,O
732,O
733,O
734,O
735,O
736,O
737,O
738,O
739,O
740,O
741,O
742,O
743,O
744,O
745,O
746,O
747,O
748,O
749,O
750,O
751,O
752,O
753,O
754,O
755,O
756,O
757,O
758,O
759,O
760,O
761,O
762,O
763,O
764,O
765,O
766,O
767,O
768,O
769,O
770,O
771,O
772,O
773,O
774,O
775,O
776,O
777,O
778,O
779,O
780,O
781,O
782,O
783,O
784,O
785,O
786,O
787,O
788,O
789,O
790,O
791,O
792,O
793,O
794,O
795,O
796,O
797,O
798,O
799,O
800,O
801,O
802,O
803,O
804,O
805,O
806,O
807,O
808,O
809,O
810,O
811,O
812,O
813,O
814,O
815,O
816,O
817,O
818,O
819,O
820,O
821,O
822,O
823,O
824,O
825,O
826,O
827,O
828,O
829,O
830,O
831,O
832,O
833,O
834,O
835,O
836,O
837,O
838,O
839,O
840,O
841,O
842,O
843,O
844,O
845,O
846,O
847,O
848,O
849,O
850,O
851,O
852,O
853,O
854,O
855,O
856,O
857,O
858,O
859,O
860,O
861,O
862,O
863,O
864,O
865,O
866,O
867,O
868,O
869,O
870,O
871,O
872,O
873,O
874,O
875,O
876,O
877,O
878,O
879,O
880,O
881,O
882,O
883,O
884,O
885,O
886,O
887,O
888,O
889,O
890,O
891,O
892,O
893,O
894,O
895,O
896,O
897,O
898,O
899,O
900,O
901,O
902,O
903,O
904,O
905,O
906,O
907,O
908,O
909,O
910,O
911,O
912,O
913,O
914,O
915,O
916,O
917,O
918,O
919,O
920,O
921,O
922,O
923,O
924,O
925,O
926,O
927,O
928,O
929,O
930,O
931,O
932,O
933,O
934,O
935,O
936,O
937,O
938,O
939,O
940,O
941,O
942,O
943,O
944,O
945,O
946,O
947,O
948,O
949,O
950,O
951,O
952,O
953,O
954,O
955,O
956,O
957,O
958,O
959,O
960,O
961,O
962,O
963,O
964,O
965,O
966,O
967,O
968,O
969,O
970,O
971,O
972,O
973,O
974,O
975,O
976,O
977,O
978,O
979,O
980,O
981,O
982,O
983,O
984,O
985,O
986,O
987,O
988,O
989,O
990,O
991,O
992,O
993,O
994,O
995,O
996,O
997,O
998,O
999,O
1000,O
1001,O
1002,O
1003,O
1004,O
1005,O
1006,O
1007,O
1008,O
1009,O
1010,O
1011,O
1012,O
1013,O
1014,O
1015,O
1016,O
1017,O
1018,O
1019,O
1020,O
1021,O
1022,O
1023,O
1024,O
1025,O
1026,O
1027,O
1028,O
1029,O
1030,O
1031,O
1032,O
1033,O
1034,O
1035,O
1036,O
1037,O
1038,O
1039,O
1040,O
1041,O
1042,O
1043,O
1044,O
1045,O
1046,O
1047,O
1048,O
1049,O
1050,O
1051,O
1052,O
1053,O
1054,O
1055,O
1056,O
1057,O
1058,O
1059,O
1060,O
1061,O
1062,O
1063,O
1064,O
1065,O
1066,O
1067,O
1068,O
1069,O
1070,O
1071,O
1072,O
1073,O
1074,O
1075,O
1076,O
1077,O
1078,O
1079,O
1080,O
1081,O
1082,O
1083,O
1084,O
1085,O
1086,O
1087,O
1088,O
1089,O
1090,O
1091,O
1092,O
1093,O
1094,O
1095,O
1096,O
1097,O
1098,O
1099,O
1100,O
1101,O
1102,O
1103,O
1104,O
1105,O
1106,O
1107,O
1108,O
1109,O
1110,O
1111,O
1112,O
1113,O
1114,O
1115,O
1116,O
1117,O
1118,O
1119,O
1120,O
1121,O
1122,O
1123,O
1124,O
1125,O
1126,O
1127,O
1128,O
1129,O
1130,O
1131,O
1132,O
1133,O
1134,O
1135,O
1136,O
1137,O
1138,O
1139,O
1140,O
1141,O
1142,O
1143,O
1144,O
1145,O
1146,O
1147,O
1148,O
1149,O
1150,O
1151,O
1152,O
1153,O
1154,O
1155,O
1156,O
1157,O
1158,O
1159,O
1160,O
1161,O
1162,O
1163,O
1164,O
1165,O
1166,O
1167,O
1168,O
1169,O
1170,O
1171,O
1172,O
1173,O
1174,O
1175,O
1176,O
1177,O
1178,O
1179,O
1180,O
1181,O
1182,O
1183,O
1184,O
1185,O
1186,O
1187,O
1188,O
1189,O
1190,O
1191,O
1192,O
1193,O
1194,O
1195,O
1196,O
1197,O
1198,O
1199,O
1200,O
1201,O
1202,O
1203,O
1204,O
1205,O
1206,O
1207,O
1208,O
1209,O
1210,O
1211,O
1212,O
1213,O
1214,O
1215,O
1216,O
1217,O
1218,O
1219,O
1220,O
1221,O
1222,O
1223,O
1224,O
1225,O
1226,O
1227,O
1228,O
1229,O
1230,O
1231,O
1232,O
1233,O
1234,O
1235,O
1236,O
1237,O
1238,O
1239,O
1240,O
1241,O
1242,O
1243,O
1244,O
1245,O
1246,O
1247,O
1248,O
1249,O
1250,O
1251,O
1252,O
1253,O
1254,O
1255,O
1256,O
1257,O
1258,O
1259,O
1260,O
1261,O
1262,O
1263,O
1264,O
1265,O
1266,O
1267,O
1268,O
1269,O
1270,O
1271,O
1272,O
1273,O
1274,O
1275,O
1276,O
1277,O
1278,O
1279,O
1280,O
1281,O
1282,O
1283,O
1284,O
1285,O
1286,O
1287,O
1288,O
1289,O
1290,O
1291,O
1292,O
1293,O
1294,O
1295,O
1296,O
1297,O
1298,O
1299,O
1300,O
1301,O
1302,O
1303,O
1304,O
1305,O
1306,O
1307,O
1308,O
1309,O
1310,O
1311,O
1312,O
1313,O
1314,O
1315,O
1316,O
1317,O
1318,O
1319,O
1320,O
1321,O
1322,O
1323,O
1324,O
1325,O
1326,O
1327,O
1328,O
1329,O
1330,O
1331,O
1332,O
1333,O
1334,O
1335,O
1336,O
1337,O
1338,O
1339,O
1340,O
1341,O
1342,O
1343,O
1344,O
1345,O
1346,O
1347,O
1348,O
1349,O
1350,O
1351,O
1352,O
1353,O
1354,O
1355,O
1356,O
1357,O
1358,O
1359,O
1360,O
1361,O
1362,O
1363,O
1364,O
1365,O
1366,O
1367,O
1368,O
1369,O
1370,O
1371,O
1372,O
1373,O
1374,O
1375,O
1376,O
1377,O
1378,O
1379,O
1380,O
1381,O
1382,O
1383,O
1384,O
1385,O
1386,O
1387,O
1388,O
1389,O
1390,O
1391,O
1392,O
1393,O
1394,O
1395,O
1396,O
1397,O
1398,O
1399,O
1400,O
1401,O
1402,O
1403,O
1404,O
1405,O
1406,O
1407,O
1408,O
1409,O
1410,O
1411,O
1412,O
1413,O
1414,O
1415,O
1416,O
1417,O
1418,O
1419,O
1420,O
1421,O
1422,O
1423,O
1424,O
1425,O
1426,O
1427,O
1428,O
1429,O
1430,O
1431,O
1432,O
1433,O
1434,O
1435,O
1436,O
1437,O
1438,O
1439,O
1440,O
1441,O
1442,O
1443,O
1444,O
1445,O
1446,O
1447,O
1448,O
1449,O
1450,O
1451,O
1452,O
1453,O
1454,O
1455,O
1456,O
1457,O
1458,O
1459,O
1460,O
1461,O
1462,O
1463,O
1464,O
1465,O
1466,O
1467,O
1468,O
1469,O
1470,O
1471,O
1472,O
1473,O
1474,O
1475,O
1476,O
1477,O
1478,O
1479,O
1480,O
1481,O
1482,O
1483,O
1484,O
1485,O
1486,O
1487,O
1488,O
1489,O
1490,O
1491,O
1492,O
1493,O
1494,O
1495,O
1496,O
1497,O
1498,O
1499,O
1500,O
1501,O
1502,O
1503,O
1504,O
1505,O
1506,O
1507,O
1508,O
1509,O
1510,O
1511,O
1512,O
1513,O
1514,O
1515,O
1516,O
1517,O
1518,O
1519,O
1520,O
1521,O
1522,O
1523,O
1524,O
1525,O
1526,O
1527,O
1528,O
1529,O
1530,O
1531,O
1532,O
1533,O
1534,O
1535,O
1536,O
1537,O
1538,O
1539,O
1540,O
1541,O
1542,O
1543,O
1544,O
1545,O
1546,O
1547,O
1548,O
1549,O
1550,O
1551,O
1552,O
1553,O
1554,O
1555,O
1556,O
1557,O
1558,O
1559,O
1560,O
1561,O
1562,O
1563,O
1564,O
1565,O
1566,O
1567,O
1568,O
1569,O
1570,O
1571,O
1572,O
1573,O
1574,O
1575,O
1576,O
1577,O
1578,O
1579,O
1580,O
1581,O
1582,O
1583,O
1584,O
1585,O
1586,O
1587,O
1588,O
1589,O
1590,O
1591,O
1592,O
1593,O
1594,O
1595,O
1596,O
1597,O
1598,O
1599,O
1600,O
1601,O
1602,O
1603,O
1604,O
1605,O
1606,O
1607,O
1608,O
1609,O
1610,O
1611,O
1612,O
1613,O
1614,O
1615,O
1616,O
1617,O
1618,O
1619,O
1620,O
1621,O
1622,O
1623,O
1624,O
1625,O
1626,O
1627,O
1628,O
1629,O
1630,O
1631,O
1632,O
1633,O
1634,O
1635,O
1636,O
1637,O
1638,O
1639,O
1640,O
1641,O
1642,O
1643,O
1644,O
1645,O
1646,O
1647,O
1648,O
1649,O
1650,O
1651,O
1652,O
1653,O
1654,O
1655,O
1656,O
1657,O
1658,O
1659,O
1660,O
1661,O
1662,O
1663,O
1664,O
1665,O
1666,O
1667,O
1668,O
1669,O
1670,O
1671,O
1672,O
1673,O
1674,O
1675,O
1676,O
1677,O
1678,O
1679,O
1680,O
1681,O
1682,O
1683,O
1684,O
1685,O
1686,O
1687,O
1688,O
1689,O
1690,O
1691,O
1692,O
1693,O
1694,O
1695,O
1696,O
1697,O
1698,O
1699,O
1700,O
1701,O
1702,O
1703,O
1704,O
1705,O
1706,O
1707,O
1708,O
1709,O
1710,O
1711,O
1712,O
1713,O
1714,O
1715,O
1716,O
1717,O
1718,O
1719,O
1720,O
1721,O
1722,O
1723,O
1724,O
1725,O
1726,O
1727,O
1728,O
1729,O
1730,O
1731,O
1732,O
1733,O
1734,O
1735,O
1736,O
1737,O
1738,O
1739,O
1740,O
1741,O
1742,O
1743,O
1744,O
1745,O
1746,O
1747,O
1748,O
1749,O
1750,O
1751,O
1752,O
1753,O
1754,O
1755,O
1756,O
1757,O
1758,O
1759,O
1760,O
1761,O
1762,O
1763,O
1764,O
1765,O
1766,O
1767,O
1768,O
1769,O
1770,O
1771,O
1772,O
1773,O
1774,O
1775,O
1776,O
1777,O
1778,O
1779,O
1780,O
1781,O
1782,O
1783,O
1784,O
1785,O
1786,O
1787,O
1788,O
1789,O
1790,O
1791,O
1792,O
1793,O
1794,O
1795,O
1796,O
1797,O
1798,O
1799,O
1800,O
1801,O
1802,O
1803,O
1804,O
1805,O
1806,O
1807,O
1808,O
1809,O
1810,O
1811,O
1812,O
1813,O
1814,O
1815,O
1816,O
1817,O
1818,O
1819,O
1820,O
1821,O
1822,O
1823,O
1824,O
1825,O
1826,O
1827,O
1828,O
1829,O
1830,O
1831,O
1832,O
1833,O
1834,O
1835,O
1836,O
1837,O
1838,O
1839,O
1840,O
1841,O
1842,O
1843,O
1844,O
1845,O
1846,O
1847,O
1848,O
1849,O
1850,O
1851,O
1852,O
1853,O
1854,O
1855,O
1856,O
1857,O
1858,O
1859,O
1860,O
1861,O
1862,O
1863,O
1864,O
1865,O
1866,O
1867,O
1868,O
1869,O
1870,O
1871,O
1872,O
1873,O
1874,O
1875,O
1876,O
1877,O
1878,O
1879,O
1880,O
1881,O
1882,O
1883,O
1884,O
1885,O
1886,O
1887,O
1888,O
1889,O
1890,O
1891,O
1892,O
1893,O
1894,O
1895,O
1896,O
1897,O
1898,O
1899,O
1900,O
1901,O
1902,O
1903,O
1904,O
1905,O
1906,O
1907,O
1908,O
1909,O
1910,O
1911,O
1912,O
1913,O
1914,O
1915,O
1916,O
1917,O
1918,O
1919,O
1920,O
1921,O
1922,O
1923,O
1924,O
1925,O
1926,O
1927,O
1928,O
1929,O
1930,O
1931,O
1932,O
1933,O
1934,O
1935,O
1936,O
1937,O
1938,O
1939,O
1940,O
1941,O
1942,O
1943,O
1944,O
1945,O
1946,O
1947,O
1948,O
1949,O
1950,O
1951,O
1952,O
1953,O
1954,O
1955,O
1956,O
1957,O
1958,O
1959,O
1960,O
1961,O
1962,O
1963,O
1964,O
1965,O
1966,O
1967,O
1968,O
1969,O
1970,O
1971,O
1972,O
1973,O
1974,O
1975,O
1976,O
1977,O
1978,O
1979,O
1980,O
1981,O
1982,O
1983,O
1984,O
1985,O
1986,O
1987,O
1988,O
1989,O
1990,O
1991,O
1992,O
1993,O
1994,O
1995,O
1996,O
1997,O
1998,O
1999,O
2000,O
2001,O
2002,O
2003,O
2004,O
2005,O
2006,O
2007,O
2008,O
2009,O
2010,O
2011,O
2012,O
2013,O
2014,O
2015,O
2016,O
2017,O
2018,O
2019,O
2020,O
2021,O
2022,O
2023,O
2024,O
2025,O
2026,O
2027,O
2028,O
2029,O
2030,O
2031,O
2032,O
2033,O
2034,O
2035,O
2036,O
2037,O
2038,O
2039,O
2040,O
2041,O
2042,O
2043,O
2044,O
2045,O
2046,O
2047,O
2048,O
2049,O
2050,O
2051,O
2052,O
2053,O
2054,O
2055,O
2056,O
2057,O
2058,O
2059,O
2060,O
2061,O
2062,O
2063,O
2064,O
2065,O
2066,O
2067,O
2068,O
2069,O
2070,O
2071,O
2072,O
2073,O
2074,O
2075,O
2076,O
2077,O
2078,O
2079,O
2080,O
2081,O
2082,O
2083,O
2084,O
2085,O
2086,O
2087,O
2088,O
2089,O
2090,O
2091,O
2092,O
2093,O
2094,O
2095,O
2096,O
2097,O
2098,O
2099,O
2100,O
2101,O
2102,O
2103,O
2104,O
2105,O
2106,O
2107,O
2108,O
2109,O
2110,O
2111,O
2112,O
2113,O
2114,O
2115,O
2116,O
2117,O
2118,O
2119,O
2120,O
2121,O
2122,O
2123,O
2124,O
2125,O
2126,O
2127,O
2128,O
2129,O
2130,O
2131,O
2132,O
2133,O
2134,O
2135,O
2136,O
2137,O
2138,O
2139,O
2140,O
2141,O
2142,O
2143,O
2144,O
2145,O
2146,O
2147,O
2148,O
2149,O
2150,O
2151,O
2152,O
2153,O
2154,O
2155,O
2156,O
2157,O
2158,O
2159,O
2160,O
2161,O
2162,O
2163,O
2164,O
2165,O
2166,O
2167,O
2168,O
2169,O
2170,O
2171,O
2172,O
2173,O
2174,O
2175,O
2176,O
2177,O
2178,O
2179,O
2180,O
2181,O
2182,O
2183,O
2184,O
2185,O
2186,O
2187,O
2188,O
2189,O
2190,O
2191,O
2192,O
2193,O
2194,O
2195,O
2196,O
2197,O
2198,O
2199,O
2200,O
2201,O
2202,O
2203,O
2204,O
2205,O
2206,O
2207,O
2208,O
2209,O
2210,O
2211,O
2212,O
2213,O
2214,O
2215,O
2216,O
2217,O
2218,O
2219,O
2220,O
2221,O
2222,O
2223,O
2224,O
2225,O
2226,O
2227,O
2228,O
2229,O
2230,O
2231,O
2232,O
2233,O
2234,O
2235,O
2236,O
2237,O
2238,O
2239,O
2240,O
2241,O
2242,O
2243,O
2244,O
2245,O
2246,O
2247,O
2248,O
2249,O
2250,O
2251,O
2252,O
2253,O
2254,O
2255,O
2256,O
2257,O
2258,O
2259,O
2260,O
2261,O
2262,O
2263,O
2264,O
2265,O
2266,O
2267,O
2268,O
2269,O
2270,O
2271,O
2272,O
2273,O
2274,O
2275,O
2276,O
2277,O
2278,O
2279,O
2280,O
2281,O
2282,O
2283,O
2284,O
2285,O
2286,O
2287,O
2288,O
2289,O
2290,O
2291,O
2292,O
2293,O
2294,O
2295,O
2296,O
2297,O
2298,O
2299,O
2300,O
2301,O
2302,O
2303,O
2304,O
2305,O
2306,O
2307,O
2308,O
2309,O
2310,O
2311,O
2312,O
2313,O
2314,O
2315,O
2316,O
2317,O
2318,O
2319,O
2320,O
2321,O
2322,O
2323,O
2324,O
2325,O
2326,O
2327,O
2328,O
2329,O
2330,O
2331,O
2332,O
2333,O
2334,O
2335,O
2336,O
2337,O
2338,O
2339,O
2340,O
2341,O
2342,O
2343,O
2344,O
2345,O
2346,O
2347,O
2348,O
2349,O
2350,O
2351,O
2352,O
2353,O
2354,O
2355,O
2356,O
2357,O
2358,O
2359,O
2360,O
2361,O
2362,O
2363,O
2364,O
2365,O
2366,O
2367,O
2368,O
2369,O
2370,O
2371,O
2372,O
2373,O
2374,O
2375,O
2376,O
2377,O
2378,O
2379,O
2380,O
2381,O
2382,O
2383,O
2384,O
2385,O
2386,O
2387,O
2388,O
2389,O
2390,O
2391,O
2392,O
2393,O
2394,O
2395,O
2396,O
2397,O
2398,O
2399,O
2400,O
2401,O
2402,O
2403,O
2404,O
2405,O
2406,O
2407,O
2408,O
2409,O
2410,O
2411,O
2412,O
2413,O
2414,O
2415,O
2416,O
2417,O
2418,O
2419,O
2420,O
2421,O
2422,O
2423,O
2424,O
2425,O
2426,O
2427,O
2428,O
2429,O
2430,O
2431,O
2432,O
2433,O
2434,O
2435,O
2436,O
2437,O
2438,O
2439,O
2440,O
2441,O
2442,O
2443,O
2444,O
2445,O
2446,O
2447,O
2448,O
2449,O
2450,O
2451,O
2452,O
2453,O
2454,O
2455,O
2456,O
2457,O
2458,O
2459,O
2460,O
2461,O
2462,O
2463,O
2464,O
2465,O
2466,O
2467,O
2468,O
2469,O
2470,O
2471,O
2472,O
2473,O
2474,O
2475,O
2476,O
2477,O
2478,O
2479,O
2480,O
2481,O
2482,O
2483,O
2484,O
2485,O
2486,O
2487,O
2488,O
2489,O
2490,O
2491,O
2492,O
2493,O
2494,O
2495,O
2496,O
2497,O
2498,O
2499,O
2500,O
2501,O
2502,O
2503,O
2504,O
2505,O
2506,O
2507,O
2508,O
2509,O
2510,O
2511,O
2512,O
2513,O
2514,O
2515,O
2516,O
2517,O
2518,O
2519,O
2520,O
2521,O
2522,O
2523,O
2524,O
2525,O
2526,O
2527,O
2528,O
2529,O
2530,O
2531,O
2532,O
2533,O
2534,O
2535,O
2536,O
2537,O
2538,O
2539,O
2540,O
2541,O
2542,O
2543,O
2544,O
2545,O
2546,O
2547,O
2548,O
2549,O
2550,O
2551,O
2552,O
2553,O
2554,O
2555,O
2556,O
2557,O
2558,O
2559,O
2560,O
2561,O
2562,O
2563,O
2564,O
2565,O
2566,O
2567,O
2568,O
2569,O
2570,O
2571,O
2572,O
2573,O
2574,O
2575,O
2576,O
2577,O
2578,O
2579,O
2580,O
2581,O
2582,O
2583,O
2584,O
2585,O
2586,O
2587,O
2588,O
2589,O
2590,O
2591,O
2592,O
2593,O
2594,O
2595,O
2596,O
2597,O
2598,O
2599,O
2600,O
2601,O
2602,O
2603,O
2604,O
2605,O
2606,O
2607,O
2608,O
2609,O
2610,O
2611,O
2612,O
2613,O
2614,O
2615,O
2616,O
2617,O
2618,O
2619,O
2620,O
2621,O
2622,O
2623,O
2624,O
2625,O
2626,O
2627,O
2628,O
2629,O
2630,O
2631,O
2632,O
2633,O
2634,O
2635,O
2636,O
2637,O
2638,O
2639,O
2640,O
2641,O
2642,O
2643,O
2644,O
2645,O
2646,O
2647,O
2648,O
2649,O
2650,O
2651,O
2652,O
2653,O
2654,O
2655,O
2656,O
2657,O
2658,O
2659,O
2660,O
2661,O
2662,O
2663,O
2664,O
2665,O
2666,O
2667,O
2668,O
2669,O
2670,O
2671,O
2672,O
2673,O
2674,O
2675,O
2676,O
2677,O
2678,O
2679,O
2680,O
2681,O
2682,O
2683,O
2684,O
2685,O
2686,O
2687,O
2688,O
2689,O
2690,O
2691,O
2692,O
2693,O
2694,O
2695,O
2696,O
2697,O
2698,O
2699,O
2700,O
2701,O
2702,O
2703,O
2704,O
2705,O
2706,O
2707,O
2708,O
2709,O
2710,O
2711,O
2712,O
2713,O
2714,O
2715,O
2716,O
2717,O
2718,O
2719,O
2720,O
2721,O
2722,O
2723,O
2724,O
2725,O
2726,O
2727,O
2728,O
2729,O
2730,O
2731,O
2732,O
2733,O
2734,O
2735,O
2736,O
2737,O
2738,O
2739,O
2740,O
2741,O
2742,O
2743,O
2744,O
2745,O
2746,O
2747,O
2748,O
2749,O
2750,O
2751,O
2752,O
2753,O
2754,O
2755,O
2756,O
2757,O
2758,O
2759,O
2760,O
2761,O
2762,O
2763,O
2764,O
2765,O
2766,O
2767,O
2768,O
2769,O
2770,O
2771,O
2772,O
2773,O
2774,O
2775,O
2776,O
2777,O
2778,O
2779,O
2780,O
2781,O
2782,O
2783,O
2784,O
2785,O
2786,O
2787,O
2788,O
2789,O
2790,O
2791,O
2792,O
2793,O
2794,O
2795,O
2796,O
2797,O
2798,O
2799,O
2800,O
2801,O
2802,O
2803,O
2804,O
2805,O
2806,O
2807,O
2808,O
2809,O
2810,O
2811,O
2812,O
2813,O
2814,O
2815,O
2816,O
2817,O
2818,O
2819,O
2820,O
2821,O
2822,O
2823,O
2824,O
2825,O
2826,O
2827,O
2828,O
2829,O
2830,O
2831,O
2832,O
2833,O
2834,O
2835,O
2836,O
2837,O
2838,O
2839,O
2840,O
2841,O
2842,O
2843,O
2844,O
2845,O
2846,O
2847,O
2848,O
2849,O
2850,O
2851,O
2852,O
2853,O
2854,O
2855,O
2856,O
2857,O
2858,O
2859,O
2860,O
2861,O
2862,O
2863,O
2864,O
2865,O
2866,O
2867,O
2868,O
2869,O
2870,O
2871,O
2872,O
2873,O
2874,O
2875,O
2876,O
2877,O
2878,O
2879,O
2880,O
2881,O
2882,O
2883,O
2884,O
2885,O
2886,O
2887,O
2888,O
2889,O
2890,O
2891,O
2892,O
2893,O
2894,O
2895,O
2896,O
2897,O
2898,O
2899,O
2900,O
2901,O
2902,O
2903,O
2904,O
2905,O
2906,O
2907,O
2908,O
2909,O
2910,O
2911,O
2912,O
2913,O
2914,O
2915,O
2916,O
2917,O
2918,O
2919,O
2920,O
2921,O
2922,O
2923,O
2924,O
2925,O
2926,O
2927,O
2928,O
2929,O
2930,O
2931,O
2932,O
2933,O
2934,O
2935,O
2936,O
2937,O
2938,O
2939,O
2940,O
2941,O
2942,O
2943,O
2944,O
2945,O
2946,O
2947,O
2948,O
2949,O
2950,O
2951,O
2952,O
2953,O
2954,O
2955,O
2956,O
2957,O
2958,O
2959,O
2960,O
2961,O
2962,O
2963,O
2964,O
2965,O
2966,O
2967,O
2968,O
2969,O
2970,O
2971,O
2972,O
2973,O
2974,O
2975,O
2976,O
2977,O
2978,O
2979,O
2980,O
2981,O
2982,O
2983,O
2984,O
2985,O
2986,O
2987,O
2988,O
2989,O
2990,O
2991,O
2992,O
2993,O
2994,O
2995,O
2996,O
2997,O
2998,O
2999,O
3000,O
3001,O
3002,O
3003,O
3004,O
3005,O
3006,O
3007,O
3008,O
3009,O
3010,O
3011,O
3012,O
3013,O
3014,O
3015,O
3016,O
3017,O
3018,O
3019,O
3020,O
3021,O
3022,O
3023,O
3024,O
3025,O
3026,O
3027,O
3028,O
3029,O
3030,O
3031,O
3032,O
3033,O
3034,O
3035,O
3036,O
3037,O
3038,O
3039,O
3040,O
3041,O
3042,O
3043,O
3044,O
3045,O
3046,O
3047,O
3048,O
3049,O
3050,O
3051,O
3052,O
3053,O
3054,O
3055,O
3056,O
3057,O
3058,O
3059,O
3060,O
3061,O
3062,O
3063,O
3064,O
3065,O
3066,O
3067,O
3068,O
3069,O
3070,O
3071,O
3072,O
3073,O
3074,O
3075,O
3076,O
3077,O
3078,O
3079,O
3080,O
3081,O
3082,O
3083,O
3084,O
3085,O
3086,O
3087,O
3088,O
3089,O
3090,O
3091,O
3092,O
3093,O
3094,O
3095,O
3096,O
3097,O
3098,O
3099,O
3100,O
3101,O
3102,O
3103,O
3104,O
3105,O
3106,O
3107,O
3108,O
3109,O
3110,O
3111,O
3112,O
3113,O
3114,O
3115,O
3116,O
3117,O
3118,O
3119,O
3120,O
3121,O
3122,O
3123,O
3124,O
3125,O
3126,O
3127,O
3128,O
3129,O
3130,O
3131,O
3132,O
3133,O
3134,O
3135,O
3136,O
3137,O
3138,O
3139,O
3140,O
3141,O
3142,O
3143,O
3144,O
3145,O
3146,O
3147,O
3148,O
3149,O
3150,O
3151,O
3152,O
3153,O
3154,O
3155,O
3156,O
3157,O
3158,O
3159,O
3160,O
3161,O
3162,O
3163,O
3164,O
3165,O
3166,O
3167,O
3168,O
3169,O
3170,O
3171,O
3172,O
3173,O
3174,O
3175,O
3176,O
3177,O
3178,O
3179,O
3180,O
3181,O
3182,O
3183,O
3184,O
3185,O
3186,O
3187,O
3188,O
3189,O
3190,O
3191,O
3192,O
3193,O
3194,O
3195,O
3196,O
3197,O
3198,O
3199,O
3200,O
3201,O
3202,O
3203,O
3204,O
3205,O
3206,O
3207,O
3208,O
3209,O
3210,O
3211,O
3212,O
3213,O
3214,O
3215,O
3216,O
3217,O
3218,O
3219,O
3220,O
3221,O
3222,O
3223,O
3224,O
3225,O
3226,O
3227,O
3228,O
3229,O
3230,O
3231,O
3232,O
3233,O
3234,O
3235,O
3236,O
3237,O
3238,O
3239,O
3240,O
3241,O
3242,O
3243,O
3244,O
3245,O
3246,O
3247,O
3248,O
3249,O
3250,O
3251,O
3252,O
3253,O
3254,O
3255,O
3256,O
3257,O
3258,O
3259,O
3260,O
3261,O
3262,O
3263,O
3264,O
3265,O
3266,O
3267,O
3268,O
3269,O
3270,O
3271,O
3272,O
3273,O
3274,O
3275,O
3276,O
3277,O
3278,O
3279,O
3280,O
3281,O
3282,O
3283,O
3284,O
3285,O
3286,O
3287,O
3288,O
3289,O
3290,O
3291,O
3292,O
3293,O
3294,O
3295,O
3296,O
3297,O
3298,O
3299,O
3300,O
3301,O
3302,O
3303,O
3304,O
3305,O
3306,O
3307,O
3308,O
3309,O
3310,O
3311,O
3312,O
3313,O
3314,O
3315,O
3316,O
3317,O
3318,O
3319,O
3320,O
3321,O
3322,O
3323,O
3324,O
3325,O
3326,O
3327,O
3328,O
3329,O
3330,O
3331,O
3332,O
3333,O
3334,O
3335,O
3336,O
3337,O
3338,O
3339,O
3340,O
3341,O
3342,O
3343,O
3344,O
3345,O
3346,O
3347,O
3348,O
3349,O
3350,O
3351,O
3352,O
3353,O
3354,O
3355,O
3356,O
3357,O
3358,O
3359,O
3360,O
3361,O
3362,O
3363,O
3364,O
3365,O
3366,O
3367,O
3368,O
3369,O
3370,O
3371,O
3372,O
3373,O
3374,O
3375,O
3376,O
3377,O
3378,O
3379,O
3380,O
3381,O
3382,O
3383,O
3384,O
3385,O
3386,O
3387,O
3388,O
3389,O
3390,O
3391,O
3392,O
3393,O
3394,O
3395,O
3396,O
3397,O
3398,O
3399,O
3400,O
3401,O
3402,O
3403,O
3404,O
3405,O
3406,O
3407,O
3408,O
3409,O
3410,O
3411,O
3412,O
3413,O
3414,O
3415,O
3416,O
3417,O
3418,O
3419,O
3420,O
3421,O
3422,O
3423,O
3424,O
3425,O
3426,O
3427,O
3428,O
3429,O
3430,O
3431,O
3432,O
3433,O
3434,O
3435,O
3436,O
3437,O
3438,O
3439,O
3440,O
3441,O
3442,O
3443,O
3444,O
3445,O
3446,O
3447,O
3448,O
3449,O
3450,O
3451,O
3452,O
3453,O
3454,O
3455,O
3456,O
3457,O
3458,O
3459,O
3460,O
3461,O
3462,O
3463,O
3464,O
3465,O
3466,O
3467,O
3468,O
3469,O
3470,O
3471,O
3472,O
3473,O
3474,O
3475,O
3476,O
3477,O
3478,O
3479,O
3480,O
3481,O
3482,O
3483,O
3484,O
3485,O
3486,O
3487,O
3488,O
3489,O
3490,O
3491,O
3492,O
3493,O
3494,O
3495,O
3496,O
3497,O
3498,O
3499,O
3500,O
3501,O
3502,O
3503,O
3504,O
3505,O
3506,O
3507,O
3508,O
3509,O
3510,O
3511,O
3512,O
3513,O
3514,O
3515,O
3516,O
3517,O
3518,O
3519,O
3520,O
3521,O
3522,O
3523,O
3524,O
3525,O
3526,O
3527,O
3528,O
3529,O
3530,O
3531,O
3532,O
3533,O
3534,O
3535,O
3536,O
3537,O
3538,O
3539,O
3540,O
3541,O
3542,O
3543,O
3544,O
3545,O
3546,O
3547,O
3548,O
3549,O
3550,O
3551,O
3552,O
3553,O
3554,O
3555,O
3556,O
3557,O
3558,O
3559,O
3560,O
3561,O
3562,O
3563,O
3564,O
3565,O
3566,O
3567,O
3568,O
3569,O
3570,O
3571,O
3572,O
3573,O
3574,O
3575,O
3576,O
3577,O
3578,O
3579,O
3580,O
3581,O
3582,O
3583,O
3584,O
3585,O
3586,O
3587,O
3588,O
3589,O
3590,O
3591,O
3592,O
3593,O
3594,O
3595,O
3596,O
3597,O
3598,O
3599,O
3600,O
3601,O
3602,O
3603,O
3604,O
3605,O
3606,O
3607,O
3608,O
3609,O
3610,O
3611,O
3612,O
3613,O
3614,O
3615,O
3616,O
3617,O
3618,O
3619,O
3620,O
3621,O
3622,O
3623,O
3624,O
3625,O
3626,O
3627,O
3628,O
3629,O
3630,O
3631,O
3632,O
3633,O
3634,O
3635,O
3636,O
3637,O
3638,O
3639,O
3640,O
3641,O
3642,O
3643,O
3644,O
3645,O
3646,O
3647,O
3648,O
3649,O
3650,O
3651,O
3652,O
3653,O
3654,O
3655,O
3656,O
3657,O
3658,O
3659,O
3660,O
3661,O
3662,O
3663,O
3664,O
3665,O
3666,O
3667,O
3668,O
3669,O
3670,O
3671,O
3672,O
3673,O
3674,O
3675,O
3676,O
3677,O
3678,O
3679,O
3680,O
3681,O
3682,O
3683,O
3684,O
3685,O
3686,O
3687,O
3688,O
3689,O
3690,O
3691,O
3692,O
3693,O
3694,O
3695,O
3696,O
3697,O
3698,O
3699,O
3700,O
3701,O
3702,O
3703,O
3704,O
3705,O
3706,O
3707,O
3708,O
3709,O
3710,O
3711,O
3712,O
3713,O
3714,O
3715,O
3716,O
3717,O
3718,O
3719,O
3720,O
3721,O
3722,O
3723,O
3724,O
3725,O
3726,O
3727,O
3728,O
3729,O
3730,O
3731,O
3732,O
3733,O
3734,O
3735,O
3736,O
3737,O
3738,O
3739,O
3740,O
3741,O
3742,O
3743,O
3744,O
3745,O
3746,O
3747,O
3748,O
3749,O
3750,O
3751,O
3752,O
3753,O
3754,O
3755,O
3756,O
3757,O
3758,O
3759,O
3760,O
3761,O
3762,O
3763,O
3764,O
3765,O
3766,O
3767,O
3768,O
3769,O
3770,O
3771,O
3772,O
3773,O
3774,O
3775,O
3776,O
3777,O
3778,O
3779,O
3780,O
3781,O
3782,O
3783,O
3784,O
3785,O
3786,O
3787,O
3788,O
3789,O
3790,O
3791,O
3792,O
3793,O
3794,O
3795,O
3796,O
3797,O
3798,O
3799,O
3800,O
3801,O
3802,O
3803,O
3804,O
3805,O
3806,O
3807,O
3808,O
3809,O
3810,O
3811,O
3812,O
3813,O
3814,O
3815,O
3816,O
3817,O
3818,O
3819,O
3820,O
3821,O
3822,O
3823,O
3824,O
3825,O
3826,O
3827,O
3828,O
3829,O
3830,O
3831,O
3832,O
3833,O
3834,O
3835,O
3836,O
3837,O
3838,O
3839,O
3840,O
3841,O
3842,O
3843,O
3844,O
3845,O
3846,O
3847,O
3848,O
3849,O
3850,O
3851,O
3852,O
3853,O
3854,O
3855,O
3856,O
3857,O
3858,O
3859,O
3860,O
3861,O
3862,O
3863,O
3864,O
3865,O
3866,O
3867,O
3868,O
3869,O
3870,O
3871,O
3872,O
3873,O
3874,O
3875,O
3876,O
3877,O
3878,O
3879,O
3880,O
3881,O
3882,O
3883,O
3884,O
3885,O
3886,O
3887,O
3888,O
3889,O
3890,O
3891,O
3892,O
3893,O
3894,O
3895,O
3896,O
3897,O
3898,O
3899,O
3900,O
3901,O
3902,O
3903,O
3904,O
3905,O
3906,O
3907,O
3908,O
3909,O
3910,O
3911,O
3912,O
3913,O
3914,O
3915,O
3916,O
3917,O
3918,O
3919,O
3920,O
3921,O
3922,O
3923,O
3924,O
3925,O
3926,O
3927,O
3928,O
3929,O
3930,O
3931,O
3932,O
3933,O
3934,O
3935,O
3936,O
3937,O
3938,O
3939,O
3940,O
3941,O
3942,O
3943,O
3944,O
3945,O
3946,O
3947,O
3948,O
3949,O
3950,O
3951,O
3952,O
3953,O
3954,O
3955,O
3956,O
3957,O
3958,O
3959,O
3960,O
3961,O
3962,O
3963,O
3964,O
3965,O
3966,O
3967,O
3968,O
3969,O
3970,O
3971,O
3972,O
3973,O
3974,O
3975,O
3976,O
3977,O
3978,O
3979,O
3980,O
3981,O
3982,O
3983,O
3984,O
3985,O
3986,O
3987,O
3988,O
3989,O
3990,O
3991,O
3992,O
3993,O
3994,O
3995,O
3996,O
3997,O
3998,O
3999,O
4000,O
4001,O
4002,O
4003,O
4004,O
4005,O
4006,O
4007,O
4008,O
4009,O
4010,O
4011,O
4012,O
4013,O
4014,O
4015,O
4016,O
4017,O
4018,O
4019,O
4020,O
4021,O
4022,O
4023,O
4024,O
4025,O
4026,O
4027,O
4028,O
4029,O
4030,O
4031,O
4032,O
4033,O
4034,O
4035,O
4036,O
4037,O
4038,O
4039,O
4040,O
4041,O
4042,O
4043,O
4044,O
4045,O
4046,O
4047,O
4048,O
4049,O
4050,O
4051,O
4052,O
4053,O
4054,O
4055,O
4056,O
4057,O
4058,O
4059,O
4060,O
4061,O
4062,O
4063,O
4064,O
4065,O
4066,O
4067,O
4068,O
4069,O
4070,O
4071,O
4072,O
4073,O
4074,O
4075,O
4076,O
4077,O
4078,O
4079,O
4080,O
4081,O
4082,O
4083,O
4084,O
4085,O
4086,O
4087,O
4088,O
4089,O
4090,O
4091,O
4092,O
4093,O
4094,O
4095,O
4096,O
4097,O
4098,O
4099,O
4100,O
4101,O
4102,O
4103,O
4104,O
4105,O
4106,O
4107,O
4108,O
4109,O
4110,O
4111,O
4112,O
4113,O
4114,O
4115,O
4116,O
4117,O
4118,O
4119,O
4120,O
4121,O
4122,O
4123,O
4124,O
4125,O
4126,O
4127,O
4128,O
4129,O
4130,O
4131,O
4132,O
4133,O
4134,O
4135,O
4136,O
4137,O
4138,O
4139,O
4140,O
4141,O
4142,O
4143,O
4144,O
4145,O
4146,O
4147,O
4148,O
4149,O
4150,O
4151,O
4152,O
4153,O
4154,O
4155,O
4156,O
4157,O
4158,O
4159,O
4160,O
4161,O
4162,O
4163,O
4164,O
4165,O
4166,O
4167,O
4168,O
4169,O
4170,O
4171,O
4172,O
4173,O
4174,O
4175,O
4176,O
4177,O
4178,O
4179,O
4180,O
4181,O
4182,O
4183,O
4184,O
4185,O
4186,O
4187,O
4188,O
4189,O
4190,O
4191,O
4192,O
4193,O
4194,O
4195,O
4196,O
4197,O
4198,O
4199,O
4200,O
4201,O
4202,O
4203,O
4204,O
4205,O
4206,O
4207,O
4208,O
4209,O
4210,O
4211,O
4212,O
4213,O
4214,O
4215,O
4216,O
4217,O
4218,O
4219,O
4220,O
4221,O
4222,O
4223,O
4224,O
4225,O
4226,O
4227,O
4228,O
4229,O
4230,O
4231,O
4232,O
4233,O
4234,O
4235,O
4236,O
4237,O
4238,O
4239,O
4240,O
4241,O
4242,O
4243,O
4244,O
4245,O
4246,O
4247,O
4248,O
4249,O
4250,O
4251,O
4252,O
4253,O
4254,O
4255,O
4256,O
4257,O
4258,O
4259,O
4260,O
4261,O
4262,O
4263,O
4264,O
4265,O
4266,O
4267,O
4268,O
4269,O
4270,O
4271,O
4272,O
4273,O
4274,O
4275,O
4276,O
4277,O
4278,O
4279,O
4280,O
4281,O
4282,O
4283,O
4284,O
4285,O
4286,O
4287,O
4288,O
4289,O
4290,O
4291,O
4292,O
4293,O
4294,O
4295,O
4296,O
4297,O
4298,O
4299,O
4300,O
4301,O
4302,O
4303,O
4304,O
4305,O
4306,O
4307,O
4308,O
4309,O
4310,O
4311,O
4312,O
4313,O
4314,O
4315,O
4316,O
4317,O
4318,O
4319,O
4320,O
4321,O
4322,O
4323,O
4324,O
4325,O
4326,O
4327,O
4328,O
4329,O
4330,O
4331,O
4332,O
4333,O
4334,O
4335,O
4336,O
4337,O
4338,O
4339,O
4340,O
4341,O
4342,O
4343,O
4344,O
4345,O
4346,O
4347,O
4348,O
4349,O
4350,O
4351,O
4352,O
4353,O
4354,O
4355,O
4356,O
4357,O
4358,O
4359,O
4360,O
4361,O
4362,O
4363,O
4364,O
4365,O
4366,O
4367,O
4368,O
4369,O
4370,O
4371,O
4372,O
4373,O
4374,O
4375,O
4376,O
4377,O
4378,O
4379,O
4380,O
4381,O
4382,O
4383,O
4384,O
4385,O
4386,O
4387,O
4388,O
4389,O
4390,O
4391,O
4392,O
4393,O
4394,O
4395,O
4396,O
4397,O
4398,O
4399,O
4400,O
4401,O
4402,O
4403,O
4404,O
4405,O
4406,O
4407,O
4408,O
4409,O
4410,O
4411,O
4412,O
4413,O
4414,O
4415,O
4416,O
4417,O
4418,O
4419,O
4420,O
4421,O
4422,O
4423,O
4424,O
4425,O
4426,O
4427,O
4428,O
4429,O
4430,O
4431,O
4432,O
4433,O
4434,O
4435,O
4436,O
4437,O
4438,O
4439,O
4440,O
4441,O
4442,O
4443,O
4444,O
4445,O
4446,O
4447,O
4448,O
4449,O
4450,O
4451,O
4452,O
4453,O
4454,O
4455,O
4456,O
4457,O
4458,O
4459,O
4460,O
4461,O
4462,O
4463,O
4464,O
4465,O
4466,O
4467,O
4468,O
4469,O
4470,O
4471,O
4472,O
4473,O
4474,O
4475,O
4476,O
4477,O
4478,O
4479,O
4480,O
4481,O
4482,O
4483,O
4484,O
4485,O
4486,O
4487,O
4488,O
4489,O
4490,O
4491,O
4492,O
4493,O
4494,O
4495,O
4496,O
4497,O
4498,O
4499,O
4500,O
4501,O
4502,O
4503,O
4504,O
4505,O
4506,O
4507,O
4508,O
4509,O
4510,O
4511,O
4512,O
4513,O
4514,O
4515,O
4516,O
4517,O
4518,O
4519,O
4520,O
4521,O
4522,O
4523,O
4524,O
4525,O
4526,O
4527,O
4528,O
4529,O
4530,O
4531,O
4532,O
4533,O
4534,O
4535,O
4536,O
4537,O
4538,O
4539,O
4540,O
4541,O
4542,O
4543,O
4544,O
4545,O
4546,O
4547,O
4548,O
4549,O
4550,O
4551,O
4552,O
4553,O
4554,O
4555,O
4556,O
4557,O
4558,O
4559,O
4560,O
4561,O
4562,O
4563,O
4564,O
4565,O
4566,O
4567,O
4568,O
4569,O
4570,O
4571,O
4572,O
4573,O
4574,O
4575,O
4576,O
4577,O
4578,O
4579,O
4580,O
4581,O
4582,O
4583,O
4584,O
4585,O
4586,O
4587,O
4588,O
4589,O
4590,O
4591,O
4592,O
4593,O
4594,O
4595,O
4596,O
4597,O
4598,O
4599,O
4600,O
4601,O
4602,O
4603,O
4604,O
4605,O
4606,O
4607,O
4608,O
4609,O
4610,O
4611,O
4612,O
4613,O
4614,O
4615,O
4616,O
4617,O
4618,O
4619,O
4620,O
4621,O
4622,O
4623,O
4624,O
4625,O
4626,O
4627,O
4628,O
4629,O
4630,O
4631,O
4632,O
4633,O
4634,O
4635,O
4636,O
4637,O
4638,O
4639,O
4640,O
4641,O
4642,O
4643,O
4644,O
4645,O
4646,O
4647,O
4648,O
4649,O
4650,O
4651,O
4652,O
4653,O
4654,O
4655,O
4656,O
4657,O
4658,O
4659,O
4660,O
4661,O
4662,O
4663,O
4664,O
4665,O
4666,O
4667,O
4668,O
4669,O
4670,O
4671,O
4672,O
4673,O
4674,O
4675,O
4676,O
4677,O
4678,O
4679,O
4680,O
4681,O
4682,O
4683,O
4684,O
4685,O
4686,O
4687,O
4688,O
4689,O
4690,O
4691,O
4692,O
4693,O
4694,O
4695,O
4696,O
4697,O
4698,O
4699,O
4700,O
4701,O
4702,O
4703,O
4704,O
4705,O
4706,O
4707,O
4708,O
4709,O
4710,O
4711,O
4712,O
4713,O
4714,O
4715,O
4716,O
4717,O
4718,O
4719,O
4720,O
4721,O
4722,O
4723,O
4724,O
4725,O
4726,O
4727,O
4728,O
4729,O
4730,O
4731,O
4732,O
4733,O
4734,O
4735,O
4736,O
4737,O
4738,O
4739,O
4740,O
4741,O
4742,O
4743,O
4744,O
4745,O
4746,O
4747,O
4748,O
4749,O
4750,O
4751,O
4752,O
4753,O
4754,O
4755,O
4756,O
4757,O
4758,O
4759,O
4760,O
4761,O
4762,O
4763,O
4764,O
4765,O
4766,O
4767,O
4768,O
4769,O
4770,O
4771,O
4772,O
4773,O
4774,O
4775,O
4776,O
4777,O
4778,O
4779,O
4780,O
4781,O
4782,O
4783,O
4784,O
4785,O
4786,O
4787,O
4788,O
4789,O
4790,O
4791,O
4792,O
4793,O
4794,O
4795,O
4796,O
4797,O
4798,O
4799,O
4800,O
4801,O
4802,O
4803,O
4804,O
4805,O
4806,O
4807,O
4808,O
4809,O
4810,O
4811,O
4812,O
4813,O
4814,O
4815,O
4816,O
4817,O
4818,O
4819,O
4820,O
4821,O
4822,O
4823,O
4824,O
4825,O
4826,O
4827,O
4828,O
4829,O
4830,O
4831,O
4832,O
4833,O
4834,O
4835,O
4836,O
4837,O
4838,O
4839,O
4840,O
4841,O
4842,O
4843,O
4844,O
4845,O
4846,O
4847,O
4848,O
4849,O
4850,O
4851,O
4852,O
4853,O
4854,O
4855,O
4856,O
4857,O
4858,O
4859,O
4860,O
4861,O
4862,O
4863,O
4864,O
4865,O
4866,O
4867,O
4868,O
4869,O
4870,O
4871,O
4872,O
4873,O
4874,O
4875,O
4876,O
4877,O
4878,O
4879,O
4880,O
4881,O
4882,O
4883,O
4884,O
4885,O
4886,O
4887,O
4888,O
4889,O
4890,O
4891,O
4892,O
4893,O
4894,O
4895,O
4896,O
4897,O
4898,O
4899,O
4900,O
4901,O
4902,O
4903,O
4904,O
4905,O
4906,O
4907,O
4908,O
4909,O
4910,O
4911,O
4912,O
4913,O
4914,O
4915,O
4916,O
4917,O
4918,O
4919,O
4920,O
4921,O
4922,O
4923,O
4924,O
4925,O
4926,O
4927,O
4928,O
4929,O
4930,O
4931,O
4932,O
4933,O
4934,O
4935,O
4936,O
4937,O
4938,O
4939,O
4940,O
4941,O
4942,O
4943,O
4944,O
4945,O
4946,O
4947,O
4948,O
4949,O
4950,O
4951,O
4952,O
4953,O
4954,O
4955,O
4956,O
4957,O
4958,O
4959,O
4960,O
4961,O
4962,O
4963,O
4964,O
4965,O
4966,O
4967,O
4968,O
4969,O
4970,O
4971,O
4972,O
4973,O
4974,O
4975,O
4976,O
4977,O
4978,O
4979,O
4980,O
4981,O
4982,O
4983,O
4984,O
4985,O
4986,O
4987,O
4988,O
4989,O
4990,O
4991,O
4992,O
4993,O
4994,O
4995,O
4996,O
4997,O
4998,O
4999,O
5000,O
5001,O
5002,O
5003,O
5004,O
5005,O
5006,O
5007,O
5008,O
5009,O
5010,O
5011,O
5012,O
5013,O
5014,O
5015,O
5016,O
5017,O
5018,O
5019,O
5020,O
5021,O
5022,O
5023,O
5024,O
5025,O
5026,O
5027,O
5028,O
5029,O
5030,O
5031,O
5032,O
5033,O
5034,O
5035,O
5036,O
5037,O
5038,O
5039,O
5040,O
5041,O
5042,O
5043,O
5044,O
5045,O
5046,O
5047,O
5048,O
5049,O
5050,O
5051,O
5052,O
5053,O
5054,O
5055,O
5056,O
5057,O
5058,O
5059,O
5060,O
5061,O
5062,O
5063,O
5064,O
5065,O
5066,O
5067,O
5068,O
5069,O
5070,O
5071,O
5072,O
5073,O
5074,O
5075,O
5076,O
5077,O
5078,O
5079,O
5080,O
5081,O
5082,O
5083,O
5084,O
5085,O
5086,O
5087,O
5088,O
5089,O
5090,O
5091,O
5092,O
5093,O
5094,O
5095,O
5096,O
5097,O
5098,O
5099,O
5100,O
5101,O
5102,O
5103,O
5104,O
5105,O
5106,O
5107,O
5108,O
5109,O
5110,O
5111,O
5112,O
5113,O
5114,O
5115,O
5116,O
5117,O
5118,O
5119,O
5120,O
5121,O
5122,O
5123,O
5124,O
5125,O
5126,O
5127,O
5128,O
5129,O
5130,O
5131,O
5132,O
5133,O
5134,O
5135,O
5136,O
5137,O
5138,O
5139,O
5140,O
5141,O
5142,O
5143,O
5144,O
5145,O
5146,O
5147,O
5148,O
5149,O
5150,O
5151,O
5152,O
5153,O
5154,O
5155,O
5156,O
5157,O
5158,O
5159,O
5160,O
5161,O
5162,O
5163,O
5164,O
5165,O
5166,O
5167,O
5168,O
5169,O
5170,O
5171,O
5172,O
5173,O
5174,O
5175,O
5176,O
5177,O
5178,O
5179,O
5180,O
5181,O
5182,O
5183,O
5184,O
5185,O
5186,O
5187,O
5188,O
5189,O
5190,O
5191,O
5192,O
5193,O
5194,O
5195,O
5196,O
5197,O
5198,O
5199,O
5200,O
5201,O
5202,O
5203,O
5204,O
5205,O
5206,O
5207,O
5208,O
5209,O
5210,O
5211,O
5212,O
5213,O
5214,O
5215,O
5216,O
5217,O
5218,O
5219,O
5220,O
5221,O
5222,O
5223,O
5224,O
5225,O
5226,O
5227,O
5228,O
5229,O
5230,O
5231,O
5232,O
5233,O
5234,O
5235,O
5236,O
5237,O
5238,O
5239,O
5240,O
5241,O
5242,O
5243,O
5244,O
5245,O
5246,O
5247,O
5248,O
5249,O
5250,O
5251,O
5252,O
5253,O
5254,O
5255,O
5256,O
5257,O
5258,O
5259,O
5260,O
5261,O
5262,O
5263,O
5264,O
5265,O
5266,O
5267,O
5268,O
5269,O
5270,O
5271,O
5272,O
5273,O
5274,O
5275,O
5276,O
5277,O
5278,O
5279,O
5280,O
5281,O
5282,O
5283,O
5284,O
5285,O
5286,O
5287,O
5288,O
5289,O
5290,O
5291,O
5292,O
5293,O
5294,O
5295,O
5296,O
5297,O
5298,O
5299,O
5300,O
5301,O
5302,O
5303,O
5304,O
5305,O
5306,O
5307,O
5308,O
5309,O
5310,O
5311,O
5312,O
5313,O
5314,O
5315,O
5316,O
5317,O
5318,O
5319,O
5320,O
5321,O
5322,O
5323,O
5324,O
5325,O
5326,O
5327,O
5328,O
5329,O
5330,O
5331,O
5332,O
5333,O
5334,O
5335,O
5336,O
5337,O
5338,O
5339,O
5340,O
5341,O
5342,O
5343,O
5344,O
5345,O
5346,O
5347,O
5348,O
5349,O
5350,O
5351,O
5352,O
5353,O
5354,O
5355,O
5356,O
5357,O
5358,O
5359,O
5360,O
5361,O
5362,O
5363,O
5364,O
5365,O
5366,O
5367,O
5368,O
5369,O
5370,O
5371,O
5372,O
5373,O
5374,O
5375,O
5376,O
5377,O
5378,O
5379,O
5380,O
5381,O
5382,O
5383,O
5384,O
5385,O
5386,O
5387,O
5388,O
5389,O
5390,O
5391,O
5392,O
5393,O
5394,O
5395,O
5396,O
5397,O
5398,O
5399,O
5400,O
5401,O
5402,O
5403,O
5404,O
5405,O
5406,O
5407,O
5408,O
5409,O
5410,O
5411,O
5412,O
5413,O
5414,O
5415,O
5416,O
5417,O
5418,O
5419,O
5420,O
5421,O
5422,O
5423,O
5424,O
5425,O
5426,O
5427,O
5428,O
5429,O
5430,O
5431,O
5432,O
5433,O
5434,O
5435,O
5436,O
5437,O
5438,O
5439,O
5440,O
5441,O
5442,O
5443,O
5444,O
5445,O
5446,O
5447,O
5448,O
5449,O
5450,O
5451,O
5452,O
5453,O
5454,O
5455,O
5456,O
5457,O
5458,O
5459,O
5460,O
5461,O
5462,O
5463,O
5464,O
5465,O
5466,O
5467,O
5468,O
5469,O
5470,O
5471,O
5472,O
5473,O
5474,O
5475,O
5476,O
5477,O
5478,O
5479,O
5480,O
5481,O
5482,O
5483,O
5484,O
5485,O
5486,O
5487,O
5488,O
5489,O
5490,O
5491,O
5492,O
5493,O
5494,O
5495,O
5496,O
5497,O
5498,O
5499,O
5500,O
5501,O
5502,O
5503,O
5504,O
5505,O
5506,O
5507,O
5508,O
5509,O
5510,O
5511,O
5512,O
5513,O
5514,O
5515,O
5516,O
5517,O
5518,O
5519,O
5520,O
5521,O
5522,O
5523,O
5524,O
5525,O
5526,O
5527,O
5528,O
5529,O
5530,O
5531,O
5532,O
5533,O
5534,O
5535,O
5536,O
5537,O
5538,O
5539,O
5540,O
5541,O
5542,O
5543,O
5544,O
5545,O
5546,O
5547,O
5548,O
5549,O
5550,O
5551,O
5552,O
5553,O
5554,O
5555,O
5556,O
5557,O
5558,O
5559,O
5560,O
5561,O
5562,O
5563,O
5564,O
5565,O
5566,O
5567,O
5568,O
5569,O
5570,O
5571,O
5572,O
5573,O
5574,O
5575,O
5576,O
5577,O
5578,O
5579,O
5580,O
5581,O
5582,O
5583,O
5584,O
5585,O
5586,O
5587,O
5588,O
5589,O
5590,O
5591,O
5592,O
5593,O
5594,O
5595,O
5596,O
5597,O
5598,O
5599,O
5600,O
5601,O
5602,O
5603,O
5604,O
5605,O
5606,O
5607,O
5608,O
5609,O
5610,O
5611,O
5612,O
5613,O
5614,O
5615,O
5616,O
5617,O
5618,O
5619,O
5620,O
5621,O
5622,O
5623,O
5624,O
5625,O
5626,O
5627,O
5628,O
5629,O
5630,O
5631,O
5632,O
5633,O
5634,O
5635,O
5636,O
5637,O
5638,O
5639,O
5640,O
5641,O
5642,O
5643,O
5644,O
5645,O
5646,O
5647,O
5648,O
5649,O
5650,O
5651,O
5652,O
5653,O
5654,O
5655,O
5656,O
5657,O
5658,O
5659,O
5660,O
5661,O
5662,O
5663,O
5664,O
5665,O
5666,O
5667,O
5668,O
5669,O
5670,O
5671,O
5672,O
5673,O
5674,O
5675,O
5676,O
5677,O
5678,O
5679,O
5680,O
5681,O
5682,O
5683,O
5684,O
5685,O
5686,O
5687,O
5688,O
5689,O
5690,O
5691,O
5692,O
5693,O
5694,O
5695,O
5696,O
5697,O
5698,O
5699,O
5700,O
5701,O
5702,O
5703,O
5704,O
5705,O
5706,O
5707,O
5708,O
5709,O
5710,O
5711,O
5712,O
5713,O
5714,O
5715,O
5716,O
5717,O
5718,O
5719,O
5720,O
5721,O
5722,O
5723,O
5724,O
5725,O
5726,O
5727,O
5728,O
5729,O
5730,O
5731,O
5732,O
5733,O
5734,O
5735,O
5736,O
5737,O
5738,O
5739,O
5740,O
5741,O
5742,O
5743,O
5744,O
5745,O
5746,O
5747,O
5748,O
5749,O
5750,O
5751,O
5752,O
5753,O
5754,O
5755,O
5756,O
5757,O
5758,O
5759,O
5760,O
5761,O
5762,O
5763,O
5764,O
5765,O
5766,O
5767,O
5768,O
5769,O
5770,O
5771,O
5772,O
5773,O
5774,O
5775,O
5776,O
5777,O
5778,O
5779,O
5780,O
5781,O
5782,O
5783,O
5784,O
5785,O
5786,O
5787,O
5788,O
5789,O
5790,O
5791,O
5792,O
5793,O
5794,O
5795,O
5796,O
5797,O
5798,O
5799,O
5800,O
5801,O
5802,O
5803,O
5804,O
5805,O
5806,O
5807,O
5808,O
5809,O
5810,O
5811,O
5812,O
5813,O
5814,O
5815,O
5816,O
5817,O
5818,O
5819,O
5820,O
5821,O
5822,O
5823,O
5824,O
5825,O
5826,O
5827,O
5828,O
5829,O
5830,O
5831,O
5832,O
5833,O
5834,O
5835,O
5836,O
5837,O
5838,O
5839,O
5840,O
5841,O
5842,O
5843,O
5844,O
5845,O
5846,O
5847,O
5848,O
5849,O
5850,O
5851,O
5852,O
5853,O
5854,O
5855,O
5856,O
5857,O
5858,O
5859,O
5860,O
5861,O
5862,O
5863,O
5864,O
5865,O
5866,O
5867,O
5868,O
5869,O
5870,O
5871,O
5872,O
5873,O
5874,O
5875,O
5876,O
5877,O
5878,O
5879,O
5880,O
5881,O
5882,O
5883,O
5884,O
5885,O
5886,O
5887,O
5888,O
5889,O
5890,O
5891,O
5892,O
5893,O
5894,O
5895,O
5896,O
5897,O
5898,O
5899,O
5900,O
5901,O
5902,O
5903,O
5904,O
5905,O
5906,O
5907,O
5908,O
5909,O
5910,O
5911,O
5912,O
5913,O
5914,O
5915,O
5916,O
5917,O
5918,O
5919,O
5920,O
5921,O
5922,O
5923,O
5924,O
5925,O
5926,O
5927,O
5928,O
5929,O
5930,O
5931,O
5932,O
5933,O
5934,O
5935,O
5936,O
5937,O
5938,O
5939,O
5940,O
5941,O
5942,O
5943,O
5944,O
5945,O
5946,O
5947,O
5948,O
5949,O
5950,O
5951,O
5952,O
5953,O
5954,O
5955,O
5956,O
5957,O
5958,O
5959,O
5960,O
5961,O
5962,O
5963,O
5964,O
5965,O
5966,O
5967,O
5968,O
5969,O
5970,O
5971,O
5972,O
5973,O
5974,O
5975,O
5976,O
5977,O
5978,O
5979,O
5980,O
5981,O
5982,O
5983,O
5984,O
5985,O
5986,O
5987,O
5988,O
5989,O
5990,O
5991,O
5992,O
5993,O
5994,O
5995,O
5996,O
5997,O
5998,O
5999,O
6000,O
6001,O
6002,O
6003,O
6004,O
6005,O
6006,O
6007,O
6008,O
6009,O
6010,O
6011,O
6012,O
6013,O
6014,O
6015,O
6016,O
6017,O
6018,O
6019,O
6020,O
6021,O
6022,O
6023,O
6024,O
6025,O
6026,O
6027,O
6028,O
6029,O
6030,O
6031,O
6032,O
6033,O
6034,O
6035,O
6036,O
6037,O
6038,O
6039,O
6040,O
6041,O
6042,O
6043,O
6044,O
6045,O
6046,O
6047,O
6048,O
6049,O
6050,O
6051,O
6052,O
6053,O
6054,O
6055,O
6056,O
6057,O
6058,O
6059,O
6060,O
6061,O
6062,O
6063,O
6064,O
6065,O
6066,O
6067,O
6068,O
6069,O
6070,O
6071,O
6072,O
6073,O
6074,O
6075,O
6076,O
6077,O
6078,O
6079,O
6080,O
6081,O
6082,O
6083,O
6084,O
6085,O
6086,O
6087,O
6088,O
6089,O
6090,O
6091,O
6092,O
6093,O
6094,O
6095,O
6096,O
6097,O
6098,O
6099,O
6100,O
6101,O
6102,O
6103,O
6104,O
6105,O
6106,O
6107,O
6108,O
6109,O
6110,O
6111,O
6112,O
6113,O
6114,O
6115,O
6116,O
6117,O
6118,O
6119,O
6120,O
6121,O
6122,O
6123,O
6124,O
6125,O
6126,O
6127,O
6128,O
6129,O
6130,O
6131,O
6132,O
6133,O
6134,O
6135,O
6136,O
6137,O
6138,O
6139,O
6140,O
6141,O
6142,O
6143,O
6144,O
6145,O
6146,O
6147,O
6148,O
6149,O
6150,O
6151,O
6152,O
6153,O
6154,O
6155,O
6156,O
6157,O
6158,O
6159,O
6160,O
6161,O
6162,O
6163,O
6164,O
6165,O
6166,O
6167,O
6168,O
6169,O
6170,O
6171,O
6172,O
6173,O
6174,O
6175,O
6176,O
6177,O
6178,O
6179,O
6180,O
6181,O
6182,O
6183,O
6184,O
6185,O
6186,O
6187,O
6188,O
6189,O
6190,O
6191,O
6192,O
6193,O
6194,O
6195,O
6196,O
6197,O
6198,O
6199,O
6200,O
6201,O
6202,O
6203,O
6204,O
6205,O
6206,O
6207,O
6208,O
6209,O
6210,O
6211,O
6212,O
6213,O
6214,O
6215,O
6216,O
6217,O
6218,O
6219,O
6220,O
6221,O
6222,O
6223,O
6224,O
6225,O
6226,O
6227,O
6228,O
6229,O
6230,O
6231,O
6232,O
6233,O
6234,O
6235,O
6236,O
6237,O
6238,O
6239,O
6240,O
6241,O
6242,O
6243,O
6244,O
6245,O
6246,O
6247,O
6248,O
6249,O
6250,O
6251,O
6252,O
6253,O
6254,O
6255,O
6256,O
6257,O
6258,O
6259,O
6260,O
6261,O
6262,O
6263,O
6264,O
6265,O
6266,O
6267,O
6268,O
6269,O
6270,O
6271,O
6272,O
6273,O
6274,O
6275,O
6276,O
6277,O
6278,O
6279,O
6280,O
6281,O
6282,O
6283,O
6284,O
6285,O
6286,O
6287,O
6288,O
6289,O
6290,O
6291,O
6292,O
6293,O
6294,O
6295,O
6296,O
6297,O
6298,O
6299,O
6300,O
6301,O
6302,O
6303,O
6304,O
6305,O
6306,O
6307,O
6308,O
6309,O
6310,O
6311,O
6312,O
6313,O
6314,O
6315,O
6316,O
6317,O
6318,O
6319,O
6320,O
6321,O
6322,O
6323,O
6324,O
6325,O
6326,O
6327,O
6328,O
6329,O
6330,O
6331,O
6332,O
6333,O
6334,O
6335,O
6336,O
6337,O
6338,O
6339,O
6340,O
6341,O
6342,O
6343,O
6344,O
6345,O
6346,O
6347,O
6348,O
6349,O
6350,O
6351,O
6352,O
6353,O
6354,O
6355,O
6356,O
6357,O
6358,O
6359,O
6360,O
6361,O
6362,O
6363,O
6364,O
6365,O
6366,O
6367,O
6368,O
6369,O
6370,O
6371,O
6372,O
6373,O
6374,O
6375,O
6376,O
6377,O
6378,O
6379,O
6380,O
6381,O
6382,O
6383,O
6384,O
6385,O
6386,O
6387,O
6388,O
6389,O
6390,O
6391,O
6392,O
6393,O
6394,O
6395,O
6396,O
6397,O
6398,O
6399,O
6400,O
6401,O
6402,O
6403,O
6404,O
6405,O
6406,O
6407,O
6408,O
6409,O
6410,O
6411,O
6412,O
6413,O
6414,O